timestamp,soil_moisture,temperature,humidity,water_level,light_intensity,pump_status
13-04-2025 15:09,69.64015141,28.1,68,30,203640,0
13-04-2025 15:09,69.26171379,28.1,68,30,203640,0
13-04-2025 15:10,68.99017726,27.76666667,69.7,30,202677,0
13-04-2025 15:10,68.69009451,27.1,73.1,30,202677,0
13-04-2025 15:11,68.20783753,28.7,65.3,30,201710,0
13-04-2025 15:11,67.82243431,29.5,62.06666667,30,201710,0
13-04-2025 15:12,67.48831419,26.9,73.4,30,200739,0
13-04-2025 15:12,67.05645808,28.85,64.45,30,200739,0
13-04-2025 15:13,66.64720299,27.93333333,67.83333333,30,199764,0
13-04-2025 15:13,66.39985719,27.93333333,67.83333333,30,199764,0
13-04-2025 15:14,66.18716607,26.85,73,30,198786,0
13-04-2025 15:14,65.79393466,26.8,74,30,198786,0
13-04-2025 15:15,65.58329589,26.8,74,30,197803,0
13-04-2025 15:15,65.3431268,27.05,73.25,30,197803,0
13-04-2025 15:16,65.07386138,27.05,73.25,30,196817,0
13-04-2025 15:16,64.60955306,27.3,72.5,30,196817,0
13-04-2025 15:17,64.11609542,27,73.6,30,195827,0
13-04-2025 15:17,63.7714502,27,73.6,30,195827,0
13-04-2025 15:18,63.34902353,27,73.6,30,194834,0
13-04-2025 15:18,63.05947239,27,74.7,30,194834,0
13-04-2025 15:19,62.82525988,27,74.7,30,193837,0
13-04-2025 15:19,62.38446501,27,74.7,30,193837,0
13-04-2025 15:20,62.13662222,26.8,74.8,30,192836,0
13-04-2025 15:20,61.89010859,26.8,74.8,30,192836,0
13-04-2025 15:21,61.6532753,26.8,74.8,30,191831,0
13-04-2025 15:21,61.2144963,26.8,74.8,30,191831,0
13-04-2025 15:22,60.95528769,26.8,74.7,30,190823,0
13-04-2025 15:22,60.7120809,26.8,74.7,30,190823,0
13-04-2025 15:23,60.4649509,26.8,74.7,30,189811,0
13-04-2025 15:23,60.0775734,27.1,73.8,30,189811,0
13-04-2025 15:24,59.64707635,27.1,73.8,30,188796,0
13-04-2025 15:24,59.30307907,27.1,73.8,30,188796,0
13-04-2025 15:25,59.07850781,27.5,72.3,30,187777,0
13-04-2025 15:25,58.74911691,27.5,72.3,30,187777,0
13-04-2025 15:26,58.32542095,27.5,72.3,30,186754,0
13-04-2025 15:26,57.98684331,27.8,71.2,30,186754,0
13-04-2025 15:27,57.53773539,27.8,71.2,30,185728,0
13-04-2025 15:27,57.16945658,27.8,71.2,30,185728,0
13-04-2025 15:28,56.89896304,27.7,70.9,30,184698,0
13-04-2025 15:28,56.52443653,27.6,70.6,30,184698,0
13-04-2025 15:29,56.20520154,27.6,70.6,30,183665,0
13-04-2025 15:29,55.85414426,27.85,70,30,183665,0
13-04-2025 15:30,55.56070384,28.1,69.4,30,182628,0
13-04-2025 15:30,55.20793857,28.1,69.4,30,182628,0
13-04-2025 15:31,54.76742341,28,69.85,30,181588,0
13-04-2025 15:31,54.46216659,27.9,70.3,30,181588,0
13-04-2025 15:32,54.17929076,27.9,70.3,30,180544,0
13-04-2025 15:32,53.97836199,27.9,70.3,30,180544,0
13-04-2025 15:33,53.72573061,27.9,70.7,30,179497,0
13-04-2025 15:33,53.36477291,27.9,70.7,30,179497,0
13-04-2025 15:34,53.12302232,27.9,70.7,30,178446,0
13-04-2025 15:34,52.62909098,27.8,70.5,30,178446,0
13-04-2025 15:35,52.19888023,27.8,70.5,30,177392,0
13-04-2025 15:35,51.72900417,27.8,70.5,30,177392,0
13-04-2025 15:36,51.2803775,27.8,69.2,30,176335,0
13-04-2025 15:36,51.03066587,27.8,69.2,30,176335,0
13-04-2025 15:37,50.56477897,27.8,69.2,30,175274,0
13-04-2025 15:37,50.17141207,27.8,69.4,30,175274,0
13-04-2025 15:38,49.84960067,27.8,69.4,30,174210,0
13-04-2025 15:38,49.52144763,27.8,69.4,30,174210,0
13-04-2025 15:39,49.07941503,27.8,69.3,30,173143,0
13-04-2025 15:39,48.60913544,27.8,69.3,30,173143,0
13-04-2025 15:40,48.26701149,27.8,69.3,30,172072,0
13-04-2025 15:40,47.86577234,27.8,69.4,30,172072,0
13-04-2025 15:41,47.40847194,27.8,69.4,30,170999,0
13-04-2025 15:41,47.03745066,27.8,69.4,30,170999,0
13-04-2025 15:42,46.62677003,27.8,69.4,30,169921,0
13-04-2025 15:42,46.42548822,27.8,69.5,30,169921,0
13-04-2025 15:43,46.07036312,27.8,69.5,30,168841,0
13-04-2025 15:43,45.86323334,27.8,69.5,30,168841,0
13-04-2025 15:44,45.59576555,27.9,69.3,30,167757,0
13-04-2025 15:44,45.17536754,27.9,69.3,30,167757,0
13-04-2025 15:45,44.93336198,27.9,69.3,30,166671,0
13-04-2025 15:45,44.50718779,28,68.5,30,166671,0
13-04-2025 15:46,44.05342675,28,68.5,30,165581,0
13-04-2025 15:46,43.73886725,28,68.5,30,165581,0
13-04-2025 15:47,43.51717595,28.1,68,30,164487,0
13-04-2025 15:47,43.17950123,28.1,68,30,164487,0
13-04-2025 15:48,42.83409451,28.1,68,30,163391,0
13-04-2025 15:48,42.59169964,28.2,67.7,30,163391,0
13-04-2025 15:49,42.35324761,28.2,67.7,30,162292,0
13-04-2025 15:49,41.96123399,28.2,67.7,30,162292,0
13-04-2025 15:50,41.46632161,28.5,66.8,30,161189,0
13-04-2025 15:50,41.14370075,28.5,66.8,30,161189,0
13-04-2025 15:51,40.71218983,28.5,66.8,30,160084,0
13-04-2025 15:51,40.24369892,28.6,64.9,30,160084,0
13-04-2025 15:52,39.76954826,28.6,64.9,30,158975,1
13-04-2025 15:52,40.84179724,28.6,64.9,29.8415493,158975,1
13-04-2025 15:53,41.85181949,28.6,64.75,29.68309859,157864,1
13-04-2025 15:53,42.82773643,28.6,64.75,29.52464789,157864,1
13-04-2025 15:54,43.61591088,28.6,64.6,29.36619718,156749,1
13-04-2025 15:54,44.67855999,28.65,64.55,29.20774648,156749,1
13-04-2025 15:55,45.67451706,28.65,64.55,29.04929577,155631,1
13-04-2025 15:55,46.76249535,28.7,64.5,28.89084507,155631,1
13-04-2025 15:56,47.74305391,28.7,64.5,28.73239437,154511,1
13-04-2025 15:56,48.832262,29,63.2,28.57394366,154511,1
13-04-2025 15:57,49.85174754,29,63.2,28.41549296,153387,1
13-04-2025 15:57,51.03197753,29,63.2,28.25704225,153387,1
13-04-2025 15:58,51.93497652,29,62.7,28.09859155,152261,1
13-04-2025 15:58,52.9420158,29,62.7,27.94014085,152261,1
13-04-2025 15:59,53.98723733,29,62.7,27.78169014,151132,1
13-04-2025 15:59,54.98034036,28.9,62.05,27.62323944,151132,1
13-04-2025 16:00,55.94159188,28.9,62.05,27.46478873,149999,1
13-04-2025 16:00,57.1374545,28.8,61.4,27.30633803,149999,1
13-04-2025 16:01,57.877896,28.85,62,27.14788732,148864,1
13-04-2025 16:01,58.76814137,28.85,62,26.98943662,148864,1
13-04-2025 16:02,59.51442424,28.9,62.6,26.83098592,147727,1
13-04-2025 16:02,60.24052442,28.9,62.4,26.67253521,147727,1
13-04-2025 16:03,61.42787762,28.9,62.4,26.51408451,146586,1
13-04-2025 16:03,62.48745689,28.9,62.4,26.3556338,146586,1
13-04-2025 16:04,63.30285093,28.9,61.8,26.1971831,145442,1
13-04-2025 16:04,64.15785005,28.9,61.8,26.03873239,145442,1
13-04-2025 16:05,65.06681631,28.9,61.8,25.88028169,144296,1
13-04-2025 16:05,66.21600214,28.9,61,25.72183099,144296,1
13-04-2025 16:06,67.23424907,29.15,60.35,25.56338028,143147,1
13-04-2025 16:06,68.09508258,29.15,60.35,25.40492958,143147,1
13-04-2025 16:07,69.10295091,29.4,59.7,25.24647887,141995,1
13-04-2025 16:07,70.005206,29.4,58.7,25.08802817,141995,0
13-04-2025 16:08,69.57819381,29.4,58.7,25.08802817,140841,0
13-04-2025 16:08,69.2943064,29.4,58.7,25.08802817,140841,0
13-04-2025 16:09,68.86655393,29.6,58.6,25.08802817,139684,0
13-04-2025 16:09,68.49186787,29.6,58.6,25.08802817,139684,0
13-04-2025 16:10,68.03707197,29.6,58.6,25.08802817,138524,0
13-04-2025 16:10,67.77062576,29.6,58.26666667,25.08802817,138524,0
13-04-2025 16:11,67.37546993,29.6,58.26666667,25.08802817,137362,0
13-04-2025 16:11,66.93298069,29.6,58.26666667,25.08802817,137362,0
13-04-2025 16:12,66.44635924,29.55,58.05,25.08802817,136197,0
13-04-2025 16:12,66.21731171,29.5,58,25.08802817,136197,0
13-04-2025 16:13,65.88381762,29.5,58,25.08802817,135029,0
13-04-2025 16:13,65.46807317,29.55,57.9,25.08802817,135029,0
13-04-2025 16:14,65.22790508,29.6,57.8,25.08802817,133859,0
13-04-2025 16:14,64.80112139,29.6,57.8,25.08802817,133859,0
13-04-2025 16:15,64.40877112,29.6,57.8,25.08802817,132686,0
13-04-2025 16:15,64.15828209,29.73333333,57.73333333,25.08802817,132686,0
13-04-2025 16:16,63.88228787,29.73333333,57.73333333,25.08802817,131511,0
13-04-2025 16:16,63.40058783,29.73333333,57.73333333,25.08802817,131511,0
13-04-2025 16:17,63.01928257,29.7,56.5,25.08802817,130333,0
13-04-2025 16:17,62.67257108,29.7,56.5,25.08802817,130333,0
13-04-2025 16:18,62.39960565,29.7,56.5,25.08802817,129153,0
13-04-2025 16:18,62.04714524,29.8,57.7,25.08802817,129153,0
13-04-2025 16:19,61.74036705,29.8,57.7,25.08802817,127970,0
13-04-2025 16:19,61.28331287,29.8,57.7,25.08802817,127970,0
13-04-2025 16:20,61.0260284,30.1,55.8,25.08802817,126785,0
13-04-2025 16:20,60.58669557,30.1,55.8,25.08802817,126785,0
13-04-2025 16:21,60.1865429,30.1,55.8,25.08802817,125597,0
13-04-2025 16:21,59.7420383,30,55.1,25.08802817,125597,0
13-04-2025 16:22,59.48881042,30,55.1,25.08802817,124407,0
13-04-2025 16:22,59.27293275,30,55.1,25.08802817,124407,0
13-04-2025 16:23,58.91137729,30,55.2,25.08802817,123215,0
13-04-2025 16:23,58.50467076,30,55.2,25.08802817,123215,0
13-04-2025 16:24,58.09944931,30,55.2,25.08802817,122020,0
13-04-2025 16:24,57.8808682,30.1,55.8,25.08802817,122020,0
13-04-2025 16:25,57.51981069,30.1,55.8,25.08802817,120824,0
13-04-2025 16:25,57.10102365,30.1,55.8,25.08802817,120824,0
13-04-2025 16:26,56.87631512,30.1,55.8,25.08802817,119624,0
13-04-2025 16:26,56.47396196,30.2,55.8,25.08802817,119624,0
13-04-2025 16:27,56.16549264,30.2,55.8,25.08802817,118423,0
13-04-2025 16:27,55.6923032,30.2,55.8,25.08802817,118423,0
13-04-2025 16:28,55.44007802,30.6,56,25.08802817,117219,0
13-04-2025 16:28,55.14133858,30.6,56,25.08802817,117219,0
13-04-2025 16:29,54.76837105,30.6,56,25.08802817,116013,0
13-04-2025 16:29,54.3925378,30.9,54.5,25.08802817,116013,0
13-04-2025 16:30,53.90010121,30.9,54.5,25.08802817,114805,0
13-04-2025 16:30,53.55116493,30.9,54.5,25.08802817,114805,0
13-04-2025 16:31,53.27839106,30.7,55.2,25.08802817,113594,0
13-04-2025 16:31,52.79290577,30.7,55.2,25.08802817,113594,0
13-04-2025 16:32,52.4188055,30.7,55.2,25.08802817,112381,0
13-04-2025 16:32,51.97041162,30.8,53,25.08802817,112381,0
13-04-2025 16:33,51.62005312,30.8,53,25.08802817,111167,0
13-04-2025 16:33,51.2726685,30.8,53,25.08802817,111167,0
13-04-2025 16:34,50.82454754,30.6,53.1,25.08802817,109950,0
13-04-2025 16:34,50.39101001,30.6,53.1,25.08802817,109950,0
13-04-2025 16:35,50.00618461,30.6,53.1,25.08802817,108731,0
13-04-2025 16:35,49.6342284,30.6,53.1,25.08802817,108731,0
13-04-2025 16:36,49.34871,30.5,53.1,25.08802817,107510,0
13-04-2025 16:36,48.89162294,30.5,53.1,25.08802817,107510,0
13-04-2025 16:37,48.62885141,30.5,53.1,25.08802817,106287,0
13-04-2025 16:37,48.2065053,30.4,52.7,25.08802817,106287,0
13-04-2025 16:38,47.76592227,30.4,52.7,25.08802817,105062,0
13-04-2025 16:38,47.39287026,30.4,52.7,25.08802817,105062,0
13-04-2025 16:39,47.17972461,30.6,52.1,25.08802817,103835,0
13-04-2025 16:39,46.71531612,30.6,52.1,25.08802817,103835,0
13-04-2025 16:40,46.49105518,30.6,52.1,25.08802817,102606,0
13-04-2025 16:40,46.12701463,30.7,52.8,25.08802817,102606,0
13-04-2025 16:41,45.71509562,30.7,52.8,25.08802817,101375,0
13-04-2025 16:41,45.4989918,30.7,52.8,25.08802817,101375,0
13-04-2025 16:42,45.26357676,30.7,52.5,25.08802817,100142,0
13-04-2025 16:42,45.02156921,30.7,52.5,25.08802817,100142,0
13-04-2025 16:43,44.67186965,30.7,52.5,25.08802817,98907,0
13-04-2025 16:43,44.21924248,30.75,52.95,25.08802817,98907,0
13-04-2025 16:44,43.85933034,30.75,52.95,25.08802817,97670,0
13-04-2025 16:44,43.63087329,30.8,53.4,25.08802817,97670,0
13-04-2025 16:45,43.3216101,30.9,53.1,25.08802817,96431,0
13-04-2025 16:45,42.95981985,30.9,53.1,25.08802817,96431,0
13-04-2025 16:46,42.64563466,30.9,53.1,25.08802817,95191,0
13-04-2025 16:46,42.40344456,31,52.8,25.08802817,95191,0
13-04-2025 16:47,42.02074868,31.1,52.6,25.08802817,93949,0
13-04-2025 16:47,41.69696334,31.1,52.6,25.08802817,93949,0
13-04-2025 16:48,41.30643494,31.1,52.6,25.08802817,92705,0
13-04-2025 16:48,40.98126229,31.3,53,25.08802817,92705,0
13-04-2025 16:49,40.56469822,31.3,53,25.08802817,91459,0
13-04-2025 16:49,40.29168054,31.3,53,25.08802817,91459,0
13-04-2025 16:50,40.09084081,31.25,52.35,25.08802817,90211,0
13-04-2025 16:50,39.88627855,31.25,52.35,25.08802817,90211,1
13-04-2025 16:51,40.86904243,31.2,51.7,24.92957746,88962,1
13-04-2025 16:51,41.64418071,31.2,51.95,24.77112676,88962,1
13-04-2025 16:52,42.72906726,31.2,51.95,24.61267606,87711,1
13-04-2025 16:52,43.48928797,31.2,51.95,24.45422535,87711,1
13-04-2025 16:53,44.63888521,31.13333333,52.73333333,24.29577465,86458,1
13-04-2025 16:53,45.61631012,31.13333333,52.73333333,24.13732394,86458,1
13-04-2025 16:54,46.53856556,31.13333333,52.73333333,23.97887324,85204,1
13-04-2025 16:54,47.25760569,31.3,51.53333333,23.82042254,85204,1
13-04-2025 16:55,48.06872461,31.3,51.53333333,23.66197183,83948,1
13-04-2025 16:55,48.80524043,31.3,51.53333333,23.50352113,83948,1
13-04-2025 16:56,49.69630764,31.3,52.6,23.34507042,82691,1
13-04-2025 16:56,50.43265301,31.3,52.6,23.18661972,82691,1
13-04-2025 16:57,51.32402496,31.3,52.6,23.02816901,81432,1
13-04-2025 16:57,52.28749675,31.4,53.4,22.86971831,81432,1
13-04-2025 16:58,53.40456666,31.4,53.4,22.71126761,80171,1
13-04-2025 16:58,54.34802284,31.4,53.4,22.5528169,80171,1
13-04-2025 16:59,55.1117825,31.4,53.4,22.3943662,78909,1
13-04-2025 16:59,55.83305774,31.5,53.4,22.23591549,78909,1
13-04-2025 17:00,56.76371438,31.5,53.4,22.07746479,77645,1
13-04-2025 17:00,57.52001294,31.5,53.4,21.91901408,77645,1
13-04-2025 17:01,58.44773359,31.6,53.9,21.76056338,76380,1
13-04-2025 17:01,59.2888402,31.6,53.9,21.60211268,76380,1
13-04-2025 17:02,60.28265549,31.6,53.9,21.44366197,75114,1
13-04-2025 17:02,61.12360897,31.3,54.9,21.28521127,75114,1
13-04-2025 17:03,61.99097345,31.3,54.9,21.12676056,73845,1
13-04-2025 17:03,62.69180045,31.3,54.9,20.96830986,73845,1
13-04-2025 17:04,63.45229702,31.1,55.5,20.80985915,72576,1
13-04-2025 17:04,64.39569064,31.1,55.5,20.65140845,72576,1
13-04-2025 17:05,65.48546609,31.1,55.5,20.49295775,71305,1
13-04-2025 17:05,66.63706948,31.1,55.9,20.33450704,71305,1
13-04-2025 17:06,67.60121964,31.1,55.9,20.17605634,70033,1
13-04-2025 17:06,68.69019854,31.1,55.9,20.01760563,70033,1
13-04-2025 17:07,69.5163657,31.1,55.9,19.85915493,68760,1
13-04-2025 17:07,70.41296458,31.3,56,19.70070423,68760,0
13-04-2025 17:08,70.00425437,31.3,56,19.70070423,67485,0
13-04-2025 17:08,69.70826272,31.3,56,19.70070423,67485,0
13-04-2025 17:09,69.34190781,31.5,54.5,19.70070423,66209,0
13-04-2025 17:09,69.04200358,31.5,54.5,19.70070423,66209,0
13-04-2025 17:10,68.77097073,31.5,54.5,19.70070423,64931,0
13-04-2025 17:10,68.5586729,31.6,54,19.70070423,64931,0
13-04-2025 17:11,68.21611213,31.6,54,19.70070423,63653,0
13-04-2025 17:11,67.73040249,31.6,54,19.70070423,63653,0
13-04-2025 17:12,67.45786625,31.3,55,19.70070423,62373,0
13-04-2025 17:12,67.0435188,31.3,55,19.70070423,62373,0
13-04-2025 17:13,66.6286717,31.3,55,19.70070423,61092,0
13-04-2025 17:13,66.41467547,31.5,56.6,19.70070423,61092,0
13-04-2025 17:14,65.98968783,31.5,56.6,19.70070423,59810,0
13-04-2025 17:14,65.71863589,31.5,56.6,19.70070423,59810,0
13-04-2025 17:15,65.40923126,31.7,54.3,19.70070423,58527,0
13-04-2025 17:15,65.05393645,31.7,54.3,19.70070423,58527,0
13-04-2025 17:16,64.71121596,31.7,54.3,19.70070423,57242,0
13-04-2025 17:16,64.28123511,31.7,54.3,19.70070423,57242,0
13-04-2025 17:17,63.84783313,31.6,53.8,19.70070423,55957,0
13-04-2025 17:17,63.48602533,31.6,53.8,19.70070423,55957,0
13-04-2025 17:18,63.07792627,31.6,53.8,19.70070423,54670,0
13-04-2025 17:18,62.6597602,31.6,54.8,19.70070423,54670,0
13-04-2025 17:19,62.20359432,31.6,54.8,19.70070423,53383,0
13-04-2025 17:19,61.90935132,31.6,54.8,19.70070423,53383,0
13-04-2025 17:20,61.48854864,31.6,53.7,19.70070423,52094,0
13-04-2025 17:20,61.09651306,31.6,53.7,19.70070423,52094,0
13-04-2025 17:21,60.88666313,31.6,53.7,19.70070423,50804,0
13-04-2025 17:21,60.66703675,31.7,55.9,19.70070423,50804,0
13-04-2025 17:22,60.23242037,31.7,55.9,19.70070423,49514,0
13-04-2025 17:22,59.99361675,31.7,55.9,19.70070423,49514,0
13-04-2025 17:23,59.7379372,31.8,53.1,19.70070423,48222,0
13-04-2025 17:23,59.36344131,31.8,53.1,19.70070423,48222,0
13-04-2025 17:24,59.03414848,31.8,53.1,19.70070423,46930,0
13-04-2025 17:24,58.70998535,31.7,53.6,19.70070423,46930,0
13-04-2025 17:25,58.42545647,31.7,53.6,19.70070423,45637,0
13-04-2025 17:25,57.97134491,31.7,53.6,19.70070423,45637,0
13-04-2025 17:26,57.72100304,31.7,53.6,19.70070423,44342,0
13-04-2025 17:26,57.41530193,31.4,55,19.70070423,44342,0
13-04-2025 17:27,57.11137363,31.4,55,19.70070423,43047,0
13-04-2025 17:27,56.69534526,31.4,55,19.70070423,43047,0
13-04-2025 17:28,56.29811702,31.6,54.5,19.70070423,41751,0
13-04-2025 17:28,55.96781468,31.6,54.5,19.70070423,41751,0
13-04-2025 17:29,55.67853207,31.6,54.5,19.70070423,40455,0
13-04-2025 17:29,55.29351462,31.8,55.8,19.70070423,40455,0
13-04-2025 17:30,55.05206785,31.8,55.8,19.70070423,39157,0
13-04-2025 17:30,54.72282853,31.8,55.8,19.70070423,39157,0
13-04-2025 17:31,54.26369011,31.5,55.1,19.70070423,37859,0
13-04-2025 17:31,53.77233906,31.5,55.1,19.70070423,37859,0
13-04-2025 17:32,53.44067021,31.5,55.1,19.70070423,36560,0
13-04-2025 17:32,52.95750618,31.4,54.8,19.70070423,36560,0
13-04-2025 17:33,52.61958547,31.4,54.8,19.70070423,35261,0
13-04-2025 17:33,52.16097001,31.4,54.8,19.70070423,35261,0
13-04-2025 17:34,51.86734966,31.5,54.8,19.70070423,33960,0
13-04-2025 17:34,51.61265222,31.5,54.8,19.70070423,33960,0
13-04-2025 17:35,51.13173639,31.5,54.8,19.70070423,32660,0
13-04-2025 17:35,50.76464973,31.73333333,54.53333333,19.70070423,32660,0
13-04-2025 17:36,50.3410601,31.73333333,54.53333333,19.70070423,31358,0
13-04-2025 17:36,50.03689566,31.73333333,54.53333333,19.70070423,31358,0
13-04-2025 17:37,49.80708973,32,54,19.70070423,30056,0
13-04-2025 17:37,49.5905533,32,55.1,19.70070423,30056,0
13-04-2025 17:38,49.32302782,32,55.1,19.70070423,28753,0
13-04-2025 17:38,48.88453317,32,55.1,19.70070423,28753,0
13-04-2025 17:39,48.64312747,31.6,55.6,19.70070423,27450,0
13-04-2025 17:39,48.15905967,31.6,55.6,19.70070423,27450,0
13-04-2025 17:40,47.83188341,31.6,55.6,19.70070423,26146,0
13-04-2025 17:40,47.59836884,31.6,55.86666667,19.70070423,26146,0
13-04-2025 17:41,47.1899409,31.6,55.86666667,19.70070423,24842,0
13-04-2025 17:41,46.86321218,31.6,55.86666667,19.70070423,24842,0
13-04-2025 17:42,46.58250431,31.7,56.4,19.70070423,23537,0
13-04-2025 17:42,46.19548327,31.7,56.4,19.70070423,23537,0
13-04-2025 17:43,45.91331424,31.7,56.4,19.70070423,22232,0
13-04-2025 17:43,45.50989337,31.93333333,56.43333333,19.70070423,22232,0
13-04-2025 17:44,45.07472944,31.93333333,56.43333333,19.70070423,20926,0
13-04-2025 17:44,44.76457205,31.93333333,56.43333333,19.70070423,20926,0
13-04-2025 17:45,44.45497604,32,56.5,19.70070423,19620,0
13-04-2025 17:45,44.07610434,32,55.8,19.70070423,19620,0
13-04-2025 17:46,43.79291602,32,55.8,19.70070423,18314,0
13-04-2025 17:46,43.33952122,32,55.8,19.70070423,18314,0
13-04-2025 17:47,42.97123947,32.1,56,19.70070423,17007,0
13-04-2025 17:47,42.63753493,32.1,56,19.70070423,17007,0
13-04-2025 17:48,42.32756613,32.1,56,19.70070423,15700,0
13-04-2025 17:48,41.91370052,32.2,56.2,19.70070423,15700,0
13-04-2025 17:49,41.58121492,32.2,56.2,19.70070423,14393,0
13-04-2025 17:49,41.12481343,32.2,56.2,19.70070423,14393,0
13-04-2025 17:50,40.87672874,32.4,55.8,19.70070423,13085,0
13-04-2025 17:50,40.64539171,32.4,55.8,19.70070423,13085,0
13-04-2025 17:51,40.35879366,32.4,55.8,19.70070423,11777,0
13-04-2025 17:51,39.93371509,32.4,57.3,19.70070423,11777,1
13-04-2025 17:52,41.00106999,32.4,57.3,19.54225352,10469,1
13-04-2025 17:52,41.88745711,32.4,57.3,19.38380282,10469,1
13-04-2025 17:53,42.89915144,32.4,57.5,19.22535211,9161,1
13-04-2025 17:53,44.00631869,32.4,57.5,19.06690141,9161,1
13-04-2025 17:54,44.85057651,32.4,57.5,18.9084507,7853,1
13-04-2025 17:54,45.98005519,32.4,57.5,18.75,7853,1
13-04-2025 17:55,46.68235569,32.2,58,18.5915493,6544,1
13-04-2025 17:55,47.48547346,32.2,58,18.43309859,6544,1
13-04-2025 17:56,48.25394544,32.2,58,18.27464789,5235,1
13-04-2025 17:56,49.24573089,32.2,57.3,18.11619718,5235,1
13-04-2025 17:57,50.18766191,32.2,57.3,17.95774648,3926,1
13-04-2025 17:57,51.24435927,32.2,57.3,17.79929577,3926,1
13-04-2025 17:58,52.40942195,32,57.4,17.64084507,2617,1
13-04-2025 17:58,53.32923377,32,57.4,17.48239437,2617,1
13-04-2025 17:59,54.29058133,32,57.4,17.32394366,1308,1
13-04-2025 17:59,55.10888176,32,58,17.16549296,1308,1
13-04-2025 18:00,56.02198788,32,58,17.00704225,0,1
13-04-2025 18:00,57.13468648,32,58,16.84859155,0,1
13-04-2025 18:01,58.12588536,32.2,57.6,16.69014085,0,1
13-04-2025 18:01,58.97781909,32.2,57.6,16.53169014,0,1
13-04-2025 18:02,59.70424779,32.2,57.6,16.37323944,0,1
13-04-2025 18:02,60.44212464,32.2,57.6,16.21478873,0,1
13-04-2025 18:03,61.372382,32.3,59,16.05633803,0,1
13-04-2025 18:03,62.15519015,32.3,59,15.89788732,0,1
13-04-2025 18:04,63.13276283,32.3,59,15.73943662,0,1
13-04-2025 18:04,64.1913858,32.4,58.7,15.58098592,0,1
13-04-2025 18:05,65.26190325,32.4,58.7,15.42253521,0,1
13-04-2025 18:05,66.26911609,32.4,58.7,15.26408451,0,1
13-04-2025 18:06,67.44080315,32.4,58.5,15.1056338,0,1
13-04-2025 18:06,68.16934822,32.4,58.5,14.9471831,0,1
13-04-2025 18:07,68.94852404,32.4,58.5,14.78873239,0,1
13-04-2025 18:07,69.94507903,32.5,57.2,14.63028169,0,1
13-04-2025 18:08,71.07913561,32.5,57.2,14.47183099,0,0
13-04-2025 18:08,70.75435515,32.5,57.2,14.47183099,0,0
13-04-2025 18:09,70.39460892,32.3,58,14.47183099,0,0
13-04-2025 18:09,70.18956269,32.3,58,14.47183099,0,0
13-04-2025 18:10,69.90596323,32.3,58,14.47183099,0,0
13-04-2025 18:10,69.51901977,32.3,58,14.47183099,0,0
13-04-2025 18:11,69.23950998,32.6,57.7,14.47183099,0,0
13-04-2025 18:11,68.80722489,32.6,57.7,14.47183099,0,0
13-04-2025 18:12,68.56604719,32.6,57.7,14.47183099,0,0
13-04-2025 18:12,68.11809565,32.7,56.7,14.47183099,0,0
13-04-2025 18:13,67.80078627,32.7,56.7,14.47183099,0,0
13-04-2025 18:13,67.31150054,32.7,56.7,14.47183099,0,0
13-04-2025 18:14,67.08958465,32.6,56.6,14.47183099,0,0
13-04-2025 18:14,66.87654161,32.6,56.6,14.47183099,0,0
13-04-2025 18:15,66.54596689,32.6,56.6,14.47183099,0,0
13-04-2025 18:15,66.18802445,32.8,57,14.47183099,0,0
13-04-2025 18:16,65.94199547,32.8,57,14.47183099,0,0
13-04-2025 18:16,65.64943943,32.8,57,14.47183099,0,0
13-04-2025 18:17,65.33246376,32.9,56.1,14.47183099,0,0
13-04-2025 18:17,64.8623461,32.9,56.1,14.47183099,0,0
13-04-2025 18:18,64.44942403,32.9,56.1,14.47183099,0,0
13-04-2025 18:18,64.10378952,33,57.3,14.47183099,0,0
13-04-2025 18:19,63.61310793,33,57.3,14.47183099,0,0
13-04-2025 18:19,63.2136868,33,57.3,14.47183099,0,0
13-04-2025 18:20,62.83115161,33.1,57,14.47183099,0,0
13-04-2025 18:20,62.35140232,33.1,57,14.47183099,0,0
13-04-2025 18:21,61.96625769,33.1,57,14.47183099,0,0
13-04-2025 18:21,61.75480915,33.1,57,14.47183099,0,0
13-04-2025 18:22,61.34235175,32.9,55.3,14.47183099,0,0
13-04-2025 18:22,60.8925905,32.9,55.3,14.47183099,0,0
13-04-2025 18:23,60.62331938,32.9,55.3,14.47183099,0,0
13-04-2025 18:23,60.30489336,33,55.9,14.47183099,0,0
13-04-2025 18:24,60.09709224,33,55.9,14.47183099,0,0
13-04-2025 18:24,59.65724507,33,55.9,14.47183099,0,0
13-04-2025 18:25,59.36166823,32.9,56.3,14.47183099,0,0
13-04-2025 18:25,58.99514459,32.9,56.3,14.47183099,0,0
13-04-2025 18:26,58.72209126,32.9,56.3,14.47183099,0,0
13-04-2025 18:26,58.45312477,33.1,55.4,14.47183099,0,0
13-04-2025 18:27,58.01281756,33.1,55.4,14.47183099,0,0
13-04-2025 18:27,57.71965869,33.1,55.4,14.47183099,0,0
13-04-2025 18:28,57.49566155,33.2,56,14.47183099,0,0
13-04-2025 18:28,57.13280723,33.2,56,14.47183099,0,0
13-04-2025 18:29,56.75948878,33.2,56,14.47183099,0,0
13-04-2025 18:29,56.26361917,33.16666667,56.43333333,14.47183099,0,0
13-04-2025 18:30,55.9001053,33.16666667,56.43333333,14.47183099,0,0
13-04-2025 18:30,55.63959834,33.16666667,56.43333333,14.47183099,0,0
13-04-2025 18:31,55.31275263,33.1,57.3,14.47183099,0,0
13-04-2025 18:31,54.98493287,33.3,55.6,14.47183099,0,0
13-04-2025 18:32,54.61722678,33.3,55.6,14.47183099,0,0
13-04-2025 18:32,54.20996944,33.3,55.6,14.47183099,0,0
13-04-2025 18:33,53.76764292,33.5,54.8,14.47183099,0,0
13-04-2025 18:33,53.32979108,33.5,54.8,14.47183099,0,0
13-04-2025 18:34,52.88410129,33.5,54.8,14.47183099,0,0
13-04-2025 18:34,52.6618316,33.4,55.25,14.47183099,0,0
13-04-2025 18:35,52.39405336,33.4,55.25,14.47183099,0,0
13-04-2025 18:35,51.94588152,33.4,55.25,14.47183099,0,0
13-04-2025 18:36,51.64934361,33.3,55.36666667,14.47183099,0,0
13-04-2025 18:36,51.43637444,33.3,55.36666667,14.47183099,0,0
13-04-2025 18:37,51.10139116,33.3,55.36666667,14.47183099,0,0
13-04-2025 18:37,50.79280149,33.33333333,55,14.47183099,0,0
13-04-2025 18:38,50.54778498,33.33333333,55,14.47183099,0,0
13-04-2025 18:38,50.14390064,33.33333333,55,14.47183099,0,0
13-04-2025 18:39,49.70981578,33.36666667,55.93333333,14.47183099,0,0
13-04-2025 18:39,49.27977026,33.36666667,55.93333333,14.47183099,0,0
13-04-2025 18:40,48.79941687,33.36666667,55.93333333,14.47183099,0,0
13-04-2025 18:40,48.39253515,33.3,56.6,14.47183099,0,0
13-04-2025 18:41,48.1837044,33.4,54.1,14.47183099,0,0
13-04-2025 18:41,47.86843309,33.4,54.1,14.47183099,0,0
13-04-2025 18:42,47.46367731,33.4,54.1,14.47183099,0,0
13-04-2025 18:42,47.18347871,33.33333333,54.76666667,14.47183099,0,0
13-04-2025 18:43,46.84717776,33.33333333,54.76666667,14.47183099,0,0
13-04-2025 18:43,46.5204597,33.33333333,54.76666667,14.47183099,0,0
13-04-2025 18:44,46.14996089,33.4,55.8,14.47183099,0,0
13-04-2025 18:44,45.74347609,33.4,55.8,14.47183099,0,0
13-04-2025 18:45,45.26256325,33.4,55.8,14.47183099,0,0
13-04-2025 18:45,44.7816235,34.2,52.3,14.47183099,0,0
13-04-2025 18:46,44.56473757,34.2,52.3,14.47183099,0,0
13-04-2025 18:46,44.13904646,34.2,52.3,14.47183099,0,0
13-04-2025 18:47,43.9123593,35.6,48.5,14.47183099,0,0
13-04-2025 18:47,43.52259846,35.6,48.5,14.47183099,0,0
13-04-2025 18:48,43.14924547,35.6,48.5,14.47183099,0,0
13-04-2025 18:48,42.87745236,35.6,48.5,14.47183099,0,0
13-04-2025 18:49,42.43437793,36.9,46.2,14.47183099,0,0
13-04-2025 18:49,42.00675379,36.9,46.2,14.47183099,0,0
13-04-2025 18:50,41.69399536,36.9,46.2,14.47183099,0,0
13-04-2025 18:50,41.32518869,36.8,43,14.47183099,0,0
13-04-2025 18:51,40.98299551,36.8,43,14.47183099,0,0
13-04-2025 18:51,40.73273912,36.8,43,14.47183099,0,0
13-04-2025 18:52,40.45548514,37.3,44.4,14.47183099,0,0
13-04-2025 18:52,39.96270573,37.3,44.4,14.47183099,0,1
13-04-2025 18:53,40.91693326,37.3,44.4,14.31338028,0,1
13-04-2025 18:53,41.64644768,38.3,42,14.15492958,0,1
13-04-2025 18:54,42.48178823,38.3,42,13.99647887,0,1
13-04-2025 18:54,43.21836385,38.3,42,13.83802817,0,1
13-04-2025 18:55,44.22561799,38.4,40.3,13.67957746,0,1
13-04-2025 18:55,45.3975641,38.4,40.3,13.52112676,0,1
13-04-2025 18:56,46.42346523,38.4,40.3,13.36267606,0,1
13-04-2025 18:56,47.2584689,37.9,42.7,13.20422535,0,1
13-04-2025 18:57,48.3307752,37.9,42.7,13.04577465,0,1
13-04-2025 18:57,49.11721834,37.9,42.7,12.88732394,0,1
13-04-2025 18:58,50.22470171,37.9,42.7,12.72887324,0,1
13-04-2025 18:58,50.98149913,38.7,41.2,12.57042254,0,1
13-04-2025 18:59,51.81282068,38.7,41.2,12.41197183,0,1
13-04-2025 18:59,52.71979707,38.7,41.2,12.25352113,0,1
13-04-2025 19:00,53.91855124,38.9,39.6,12.09507042,0,1
13-04-2025 19:00,54.62518268,38.9,39.6,11.93661972,0,1
13-04-2025 19:01,55.6621402,38.9,39.6,11.77816901,0,1
13-04-2025 19:01,56.55640832,38.6,41.4,11.61971831,0,1
13-04-2025 19:02,57.48815753,38.6,41.4,11.46126761,0,1
13-04-2025 19:02,58.43921198,38.6,41.4,11.3028169,0,1
13-04-2025 19:03,59.55463199,38.2,40.7,11.1443662,0,1
13-04-2025 19:03,60.66321061,38.2,40.7,10.98591549,0,1
13-04-2025 19:04,61.58851738,38.2,40.7,10.82746479,0,1
13-04-2025 19:04,62.33727711,38.5,42.5,10.66901408,0,1
13-04-2025 19:05,63.20442562,38.5,42.5,10.51056338,0,1
13-04-2025 19:05,63.98630445,38.5,42.5,10.35211268,0,1
13-04-2025 19:06,64.87301262,39.1,38.7,10.19366197,0,1
13-04-2025 19:06,65.73268758,39.1,38.7,10.03521127,0,1
13-04-2025 19:07,66.85590479,39.1,38.7,9.876760563,0,1
13-04-2025 19:07,67.87321938,39.1,38.7,9.718309859,0,1
13-04-2025 19:08,68.96027786,39.4,40.9,9.559859155,0,1
13-04-2025 19:08,69.6702647,39.4,40.9,9.401408451,0,1
13-04-2025 19:09,70.44486863,39.4,40.9,9.242957746,0,0
13-04-2025 19:09,70.14804326,39.7,37.1,9.242957746,0,0
13-04-2025 19:10,69.84320867,39.7,37.1,9.242957746,0,0
13-04-2025 19:10,69.36859493,39.7,37.1,9.242957746,0,0
13-04-2025 19:11,68.89274225,39.1,38,9.242957746,0,0
13-04-2025 19:11,68.53053368,39.1,38,9.242957746,0,0
13-04-2025 19:12,68.20138466,39.1,38,9.242957746,0,0
13-04-2025 19:12,67.92658008,38.8,39.4,9.242957746,0,0
13-04-2025 19:13,67.60013043,38.8,39.4,9.242957746,0,0
13-04-2025 19:13,67.14529324,38.8,39.4,9.242957746,0,0
13-04-2025 19:14,66.76857833,38.8,39.4,9.242957746,0,0
13-04-2025 19:14,66.51590906,37.9,40.6,9.242957746,0,0
13-04-2025 19:15,66.25373374,37.9,40.6,9.242957746,0,0
13-04-2025 19:15,65.79113787,37.9,40.6,9.242957746,0,0
13-04-2025 19:16,65.29877808,37.2,43.3,9.242957746,0,0
13-04-2025 19:16,64.95207126,37.2,43.3,9.242957746,0,0
13-04-2025 19:17,64.58573684,37.2,43.3,9.242957746,0,0
13-04-2025 19:17,64.10227973,38.1,40.7,9.242957746,0,0
13-04-2025 19:18,63.82249262,38.1,40.7,9.242957746,0,0
13-04-2025 19:18,63.59655518,38.1,40.7,9.242957746,0,0
13-04-2025 19:19,63.2673416,38.6,38.9,9.242957746,0,0
13-04-2025 19:19,63.01033226,38.6,38.9,9.242957746,0,0
13-04-2025 19:20,62.75300958,38.6,38.9,9.242957746,0,0
13-04-2025 19:20,62.51360405,39,40.7,9.242957746,0,0
13-04-2025 19:21,62.2027403,39,40.7,9.242957746,0,0
13-04-2025 19:21,61.75214049,39,40.7,9.242957746,0,0
13-04-2025 19:22,61.33257387,39.6,38.5,9.242957746,0,0
13-04-2025 19:22,60.88439838,39.6,38.5,9.242957746,0,0
13-04-2025 19:23,60.42100383,39.6,38.5,9.242957746,0,0
13-04-2025 19:23,59.98658996,39.6,38.5,9.242957746,0,0
13-04-2025 19:24,59.68294806,39.5,39.3,9.242957746,0,0
13-04-2025 19:24,59.35800453,39.5,39.3,9.242957746,0,0
13-04-2025 19:25,59.09765892,39.5,39.3,9.242957746,0,0
13-04-2025 19:25,58.89457978,39.6,35.7,9.242957746,0,0
13-04-2025 19:26,58.69329168,39.6,35.7,9.242957746,0,0
13-04-2025 19:26,58.36521745,39.6,35.7,9.242957746,0,0
13-04-2025 19:27,58.11371232,40,38.3,9.242957746,0,0
13-04-2025 19:27,57.75606567,40,38.3,9.242957746,0,0
13-04-2025 19:28,57.44611608,40,38.3,9.242957746,0,0
13-04-2025 19:28,56.97966985,39.4,36.2,9.242957746,0,0
13-04-2025 19:29,56.68516886,39.4,36.2,9.242957746,0,0
13-04-2025 19:29,56.34072692,39.4,36.2,9.242957746,0,0
13-04-2025 19:30,56.12023988,39.65,37,9.242957746,0,0
13-04-2025 19:30,55.83544915,39.65,37,9.242957746,0,0
13-04-2025 19:31,55.33684505,39.65,37,9.242957746,0,0
13-04-2025 19:31,55.10296829,39.93333333,37.36666667,9.242957746,0,0
13-04-2025 19:32,54.69699551,39.93333333,37.36666667,9.242957746,0,0
13-04-2025 19:32,54.3532014,39.93333333,37.36666667,9.242957746,0,0
13-04-2025 19:33,53.94892898,40,37.53333333,9.242957746,0,0
13-04-2025 19:33,53.71421054,40,37.53333333,9.242957746,0,0
13-04-2025 19:34,53.31660018,40,37.53333333,9.242957746,0,0
13-04-2025 19:34,53.04753092,40,39.6,9.242957746,0,0
13-04-2025 19:35,52.81365904,40.05,39.15,9.242957746,0,0
13-04-2025 19:35,52.50574365,40.05,39.15,9.242957746,0,0
13-04-2025 19:36,52.24823555,40.05,39.15,9.242957746,0,0
13-04-2025 19:36,51.81300707,39.96666667,37.9,9.242957746,0,0
13-04-2025 19:37,51.4960407,39.96666667,37.9,9.242957746,0,0
13-04-2025 19:37,51.00605665,39.96666667,37.9,9.242957746,0,0
13-04-2025 19:38,50.58219218,39.83333333,38.03333333,9.242957746,0,0
13-04-2025 19:38,50.35024532,39.83333333,38.03333333,9.242957746,0,0
13-04-2025 19:39,50.0396472,39.83333333,38.03333333,9.242957746,0,0
13-04-2025 19:39,49.71976495,39.93333333,36.83333333,9.242957746,0,0
13-04-2025 19:40,49.30251776,39.93333333,36.83333333,9.242957746,0,0
13-04-2025 19:40,48.8442476,39.93333333,36.83333333,9.242957746,0,0
13-04-2025 19:41,48.38477411,40,36.75,9.242957746,0,0
13-04-2025 19:41,48.0411895,40,37.4,9.242957746,0,0
13-04-2025 19:42,47.63740873,40,37.4,9.242957746,0,0
13-04-2025 19:42,47.34576218,40,37.4,9.242957746,0,0
13-04-2025 19:43,47.00090414,40.2,35.9,9.242957746,0,0
13-04-2025 19:43,46.76603006,40.2,35.9,9.242957746,0,0
13-04-2025 19:44,46.43773301,40.2,35.9,9.242957746,0,0
13-04-2025 19:44,46.08530378,40.5,37.6,9.242957746,0,0
13-04-2025 19:45,45.79208892,40.5,37.6,9.242957746,0,0
13-04-2025 19:45,45.44322988,40.5,37.6,9.242957746,0,0
13-04-2025 19:46,44.96594011,40.6,37.9,9.242957746,0,0
13-04-2025 19:46,44.69167349,40.6,37.9,9.242957746,0,0
13-04-2025 19:47,44.1963946,40.6,37.9,9.242957746,0,0
13-04-2025 19:47,43.93660914,40.4,35.9,9.242957746,0,0
13-04-2025 19:48,43.71790237,40.4,35.9,9.242957746,0,0
13-04-2025 19:48,43.3517843,40.4,35.9,9.242957746,0,0
13-04-2025 19:49,43.11668644,40.7,35.6,9.242957746,0,0
13-04-2025 19:49,42.64238318,40.7,35.6,9.242957746,0,0
13-04-2025 19:50,42.17404698,40.7,35.6,9.242957746,0,0
13-04-2025 19:50,41.69279011,40.7,35.6,9.242957746,0,0
13-04-2025 19:51,41.30895593,40.2,37,9.242957746,0,0
13-04-2025 19:51,41.08846767,40.2,37,9.242957746,0,0
13-04-2025 19:52,40.85475325,40.2,37,9.242957746,0,0
13-04-2025 19:52,40.55832077,40.1,35.2,9.242957746,0,0
13-04-2025 19:53,40.32975104,40.1,35.2,9.242957746,0,0
13-04-2025 19:53,39.85724475,40.1,35.2,9.242957746,0,1
13-04-2025 19:54,41.02921691,40.6,36.5,9.084507042,0,1
13-04-2025 19:54,41.9521554,40.6,36.5,8.926056338,0,1
13-04-2025 19:55,42.89084679,40.6,36.5,8.767605634,0,1
13-04-2025 19:55,43.95637484,38.8,37.9,8.60915493,0,1
13-04-2025 19:56,44.97019597,38.8,37.9,8.450704225,0,1
13-04-2025 19:56,45.76209982,38.8,37.9,8.292253521,0,1
13-04-2025 19:57,46.87683533,37.4,40.2,8.133802817,0,1
13-04-2025 19:57,47.63757903,37.4,40.2,7.975352113,0,1
13-04-2025 19:58,48.69308988,37.4,40.2,7.816901408,0,1
13-04-2025 19:58,49.62375638,37.4,40.2,7.658450704,0,1
13-04-2025 19:59,50.7219027,38,39.7,7.5,0,1
13-04-2025 19:59,51.91882937,38,39.7,7.341549296,0,1
13-04-2025 20:00,52.75188207,38,39.7,7.183098592,0,1
13-04-2025 20:00,53.85029452,37.1,41.2,7.024647887,0,1
13-04-2025 20:01,54.8432189,37.1,41.2,6.866197183,0,1
13-04-2025 20:01,55.81290194,37.1,41.2,6.707746479,0,1
13-04-2025 20:02,56.87845215,37.4,40.9,6.549295775,0,1
13-04-2025 20:02,57.78094157,37.4,40.9,6.39084507,0,1
13-04-2025 20:03,58.76028055,37.4,40.9,6.232394366,0,1
13-04-2025 20:03,59.57225437,38,40.7,6.073943662,0,1
13-04-2025 20:04,60.40865803,38,40.7,5.915492958,0,1
13-04-2025 20:04,61.24056212,38,40.7,5.757042254,0,1
13-04-2025 20:05,62.19113556,38.4,37.1,5.598591549,0,1
13-04-2025 20:05,63.16629804,38.4,37.1,5.440140845,0,1
13-04-2025 20:06,64.21712891,38.4,37.1,5.281690141,0,1
13-04-2025 20:06,65.03803907,38.4,37.1,5.123239437,0,1
13-04-2025 20:07,65.95215583,37.8,39.7,4.964788732,0,1
13-04-2025 20:07,66.80230635,37.8,39.7,4.806338028,0,1
13-04-2025 20:08,67.63136963,37.8,39.7,4.647887324,0,1
13-04-2025 20:08,68.62397292,37.6,39,4.48943662,0,1
13-04-2025 20:09,69.48828089,37.6,39,4.330985915,0,1
13-04-2025 20:09,70.63503185,37.6,39,4.172535211,0,0
13-04-2025 20:10,70.24722346,37.8,39.7,4.172535211,0,0
13-04-2025 20:10,69.90495494,37.8,39.7,4.172535211,0,0
13-04-2025 20:11,69.7035305,37.8,39.7,4.172535211,0,0
13-04-2025 20:11,69.33732759,38.1,39.3,4.172535211,0,0
13-04-2025 20:12,68.95104367,38.1,39.3,4.172535211,0,0
13-04-2025 20:12,68.72741071,38.1,39.3,4.172535211,0,0
13-04-2025 20:13,68.45242952,37.8,39,4.172535211,0,0
13-04-2025 20:13,68.04104541,37.8,39,4.172535211,0,0
13-04-2025 20:14,67.59156054,37.8,39,4.172535211,0,0
13-04-2025 20:14,67.11295347,37.8,39,4.172535211,0,0
13-04-2025 20:15,66.76903528,38,40.7,4.172535211,0,0
13-04-2025 20:15,66.36167739,38,40.7,4.172535211,0,0
13-04-2025 20:16,65.92182192,38,40.7,4.172535211,0,0
13-04-2025 20:16,65.53772015,37.6,39.1,4.172535211,0,0
13-04-2025 20:17,65.25345583,37.6,39.1,4.172535211,0,0
13-04-2025 20:17,64.90100113,37.6,39.1,4.172535211,0,0
13-04-2025 20:18,64.52222041,37.1,40.5,4.172535211,0,0
13-04-2025 20:18,64.26966484,37.1,40.5,4.172535211,0,0
13-04-2025 20:19,63.87767916,37.1,40.5,4.172535211,0,0
13-04-2025 20:19,63.38263368,37.3,41.1,4.172535211,0,0
13-04-2025 20:20,63.17843649,37.3,41.1,4.172535211,0,0
13-04-2025 20:20,62.87696127,37.3,41.1,4.172535211,0,0
13-04-2025 20:21,62.44131142,38.7,36.9,4.172535211,0,0
13-04-2025 20:21,62.23471699,38.7,36.9,4.172535211,0,0
13-04-2025 20:22,61.86670128,38.7,36.9,4.172535211,0,0
13-04-2025 20:22,61.3809693,38.7,36.9,4.172535211,0,0
13-04-2025 20:23,60.94177379,38.4,37.3,4.172535211,0,0
13-04-2025 20:23,60.68845838,38.4,37.3,4.172535211,0,0
13-04-2025 20:24,60.39173855,38.4,37.3,4.172535211,0,0
13-04-2025 20:24,60.13320985,39.2,37.8,4.172535211,0,0
13-04-2025 20:25,59.84502161,39.2,37.8,4.172535211,0,0
13-04-2025 20:25,59.50977962,39.2,37.8,4.172535211,0,0
13-04-2025 20:26,59.25058545,40.2,34,4.172535211,0,0
13-04-2025 20:26,58.86164922,40.2,34,4.172535211,0,0
13-04-2025 20:27,58.45606064,40.2,34,4.172535211,0,0
13-04-2025 20:27,58.06753716,40.4,33.7,4.172535211,0,0
13-04-2025 20:28,57.83132937,40.4,33.7,4.172535211,0,0
13-04-2025 20:28,57.33218802,40.4,33.7,4.172535211,0,0
13-04-2025 20:29,57.12565323,40.35,33.65,4.172535211,0,0
13-04-2025 20:29,56.63626711,40.35,33.65,4.172535211,0,0
13-04-2025 20:30,56.14378749,40.3,33.6,4.172535211,0,0
13-04-2025 20:30,55.72857429,40.3,33.6,4.172535211,0,0
13-04-2025 20:31,55.22985073,39.9,34.2,4.172535211,0,0
13-04-2025 20:31,54.84137246,39.9,34.2,4.172535211,0,0
13-04-2025 20:32,54.50812405,39.9,34.2,4.172535211,0,0
13-04-2025 20:32,54.27013694,40,33,4.172535211,0,0
13-04-2025 20:33,54.03299256,40,33,4.172535211,0,0
13-04-2025 20:33,53.62578042,40,33,4.172535211,0,0
13-04-2025 20:34,53.37168954,40.7,33.2,4.172535211,0,0
13-04-2025 20:34,53.03210738,40.7,33.2,4.172535211,0,0
13-04-2025 20:35,52.60956186,40.7,33.2,4.172535211,0,0
13-04-2025 20:35,52.14364258,40.7,33.3,4.172535211,0,0
13-04-2025 20:36,51.77604553,40.7,33.3,4.172535211,0,0
13-04-2025 20:36,51.55253893,40.7,33.4,4.172535211,0,0
13-04-2025 20:37,51.07677104,40.7,33.4,4.172535211,0,0
13-04-2025 20:37,50.81317673,40.4,35.1,4.172535211,0,0
13-04-2025 20:38,50.48855351,40.4,35.1,4.172535211,0,0
13-04-2025 20:38,50.25813526,40.4,35.1,4.172535211,0,0
13-04-2025 20:39,49.77420083,40.7,34.2,4.172535211,0,0
13-04-2025 20:39,49.43938036,40.7,34.2,4.172535211,0,0
13-04-2025 20:40,48.97474143,40.7,34.2,4.172535211,0,0
13-04-2025 20:40,48.52661479,40.7,35,4.172535211,0,0
13-04-2025 20:41,48.22606839,40.7,35,4.172535211,0,0
13-04-2025 20:41,47.81015372,40.7,35.8,4.172535211,0,0
13-04-2025 20:42,47.51900974,40.8,35,4.172535211,0,0
13-04-2025 20:42,47.31510225,40.8,35,4.172535211,0,0
13-04-2025 20:43,46.92131261,40.9,34.2,4.172535211,0,0
13-04-2025 20:43,46.54603088,40.6,33.9,4.172535211,0,0
13-04-2025 20:44,46.0742883,40.6,33.9,4.172535211,0,0
13-04-2025 20:44,45.74535836,40.6,33.9,4.172535211,0,0
13-04-2025 20:45,45.43514332,40.3,33.6,4.172535211,0,0
13-04-2025 20:45,45.07545272,40.5,33.5,4.172535211,0,0
13-04-2025 20:46,44.59692927,40.5,33.5,4.172535211,0,0
13-04-2025 20:46,44.19409861,40.5,33.5,4.172535211,0,0
13-04-2025 20:47,43.84451162,40.55,33.9,4.172535211,0,0
13-04-2025 20:47,43.63295618,40.55,33.9,4.172535211,0,0
13-04-2025 20:48,43.15172889,40.6,34.3,4.172535211,0,0
13-04-2025 20:48,42.74022224,40.8,33.35,4.172535211,0,0
13-04-2025 20:49,42.40939465,40.8,33.35,4.172535211,0,0
13-04-2025 20:49,42.13469933,40.8,33.35,4.172535211,0,0
13-04-2025 20:50,41.68868199,40.66666667,33.4,4.172535211,0,0
13-04-2025 20:50,41.31795551,40.66666667,33.4,4.172535211,0,0
13-04-2025 20:51,41.00827269,40.66666667,33.4,4.172535211,0,0
13-04-2025 20:51,40.52354492,39.93333333,35.33333333,4.172535211,0,0
13-04-2025 20:52,40.09966334,39.93333333,35.33333333,4.172535211,0,0
13-04-2025 20:52,39.72761413,39.93333333,35.33333333,4.172535211,0,1
13-04-2025 20:53,40.56368469,39.9,35.3,4.014084507,0,1
13-04-2025 20:53,41.6319582,38.4,38.2,3.855633803,0,1
13-04-2025 20:54,42.81695541,38.4,38.2,3.697183099,0,1
13-04-2025 20:54,43.59283346,38.4,38.2,3.538732394,0,1
13-04-2025 20:55,44.46217659,38.6,37.8,3.38028169,0,1
13-04-2025 20:55,45.64312821,38.6,37.8,3.221830986,0,1
13-04-2025 20:56,46.80242931,38.6,37.8,3.063380282,0,1
13-04-2025 20:56,47.51133676,38.73333333,37.8,2.904929577,0,1
13-04-2025 20:57,48.53376853,38.73333333,37.8,2.746478873,0,1
13-04-2025 20:57,49.68361033,38.73333333,37.8,2.588028169,0,1
13-04-2025 20:58,50.66749886,39.1,38,2.429577465,0,1
13-04-2025 20:58,51.57160097,39.4,38.2,2.271126761,0,1
13-04-2025 20:59,52.32624211,39.4,38.2,2.112676056,0,1
13-04-2025 20:59,53.22540046,39.4,38.2,1.954225352,0,1
13-04-2025 21:00,54.1671104,39.5,36.1,1.795774648,0,1
13-04-2025 21:00,55.09255677,39.5,36.1,1.637323944,0,1
13-04-2025 21:01,56.16410705,39.5,36.1,1.478873239,0,1
13-04-2025 21:01,57.08714922,39,36.5,1.320422535,0,1
13-04-2025 21:02,57.84245147,39,36.5,1.161971831,0,1
13-04-2025 21:02,59.03269763,39,36.5,1.003521127,0,1
13-04-2025 21:03,60.06125798,38.93333333,36.7,0.845070423,0,1
13-04-2025 21:03,60.95500392,38.93333333,36.7,0.686619718,0,1
13-04-2025 21:04,61.85319244,38.93333333,36.7,0.528169014,0,1
13-04-2025 21:04,62.74767592,38.8,37.25,0.36971831,0,1
13-04-2025 21:05,63.74968542,38.7,37.7,0.211267606,0,1
13-04-2025 21:05,64.57134006,38.7,37.7,0.052816901,0,1
13-04-2025 21:06,65.66573332,38.7,37.7,0,0,1
13-04-2025 21:06,66.41289784,38.9,36.1,0,0,1
13-04-2025 21:07,67.57306675,38.9,36.1,0,0,1
13-04-2025 21:07,68.67271538,38.9,36.1,0,0,1
13-04-2025 21:08,69.84717887,39.7,35.4,0,0,1
13-04-2025 21:08,70.63898783,39.7,35.4,0,0,0
13-04-2025 21:09,70.14530148,39.7,35.4,0,0,0
13-04-2025 21:09,69.76699006,39.96666667,35.93333333,0,0,0
13-04-2025 21:10,69.49683307,39.96666667,35.93333333,0,0,0
13-04-2025 21:10,69.20566804,39.96666667,35.93333333,0,0,0
13-04-2025 21:11,68.78425307,39.35,36.1,0,0,0
13-04-2025 21:11,68.3502416,38.6,36,0,0,0
13-04-2025 21:12,67.88412945,38.6,36,0,0,0
13-04-2025 21:12,67.39414647,38.6,36,0,0,0
13-04-2025 21:13,67.16262808,37.9,37.8,0,0,0
13-04-2025 21:13,66.9114177,37.9,37.8,0,0,0
13-04-2025 21:14,66.54299972,37.9,37.8,0,0,0
13-04-2025 21:14,66.22038652,38.03333333,37.66666667,0,0,0
13-04-2025 21:15,65.76799088,38.03333333,37.66666667,0,0,0
13-04-2025 21:15,65.55181309,38.03333333,37.66666667,0,0,0
13-04-2025 21:16,65.33779906,38.05,37.75,0,0,0
13-04-2025 21:16,64.99391647,38,37.9,0,0,0
13-04-2025 21:17,64.76219837,38,37.9,0,0,0
13-04-2025 21:17,64.51061312,38.15,38.05,0,0,0
13-04-2025 21:18,64.16518051,38.3,38.2,0,0,0
13-04-2025 21:18,63.93794645,38.3,38.2,0,0,0
13-04-2025 21:19,63.64650679,38.3,38.2,0,0,0
13-04-2025 21:19,63.30798498,39.4,35.8,0,0,0
13-04-2025 21:20,62.83475698,39.4,35.8,0,0,0
13-04-2025 21:20,62.43221778,39.4,35.8,0,0,0
13-04-2025 21:21,62.08254514,39.33333333,35.4,0,0,0
13-04-2025 21:21,61.86752324,39.33333333,35.4,0,0,0
13-04-2025 21:22,61.40905138,39.33333333,35.4,0,0,0
13-04-2025 21:22,60.94407153,39.25,35.4,0,0,0
13-04-2025 21:23,60.54555064,39.2,35.6,0,0,0
13-04-2025 21:23,60.19584368,39.2,35.6,0,0,0
13-04-2025 21:24,59.80995908,38.9,35.9,0,0,0
13-04-2025 21:24,59.41285164,38.6,36.2,0,0,0
13-04-2025 21:25,58.97749236,38.6,36.2,0,0,0
13-04-2025 21:25,58.60442185,38.5,36.25,0,0,0
13-04-2025 21:26,58.29157975,38.4,36.3,0,0,0
13-04-2025 21:26,58.04183946,38.4,36.3,0,0,0
13-04-2025 21:27,57.83074778,38.4,36.3,0,0,0
13-04-2025 21:27,57.50080646,37.9,38.2,0,0,0
13-04-2025 21:28,57.16212513,37.9,38.2,0,0,0
13-04-2025 21:28,56.73750756,37.9,38.2,0,0,0
13-04-2025 21:29,56.43646954,37.7,38.8,0,0,0
13-04-2025 21:29,56.20936235,37.7,38.8,0,0,0
13-04-2025 21:30,56.00112681,37.7,38.8,0,0,0
13-04-2025 21:30,55.60412672,37.6,39.8,0,0,0
13-04-2025 21:31,55.14279559,37.6,39.8,0,0,0
13-04-2025 21:31,54.82719665,37.6,39.8,0,0,0
13-04-2025 21:32,54.47402755,37.7,38.2,0,0,0
13-04-2025 21:32,54.1756896,37.7,38.2,0,0,0
13-04-2025 21:33,53.87763961,37.7,38.2,0,0,0
13-04-2025 21:33,53.64011778,37.7,38.2,0,0,0
13-04-2025 21:34,53.38023823,37.3,39.7,0,0,0
13-04-2025 21:34,52.91089788,37.3,39.7,0,0,0
13-04-2025 21:35,52.4782413,37.3,39.7,0,0,0
13-04-2025 21:35,52.25040601,37.4,39.8,0,0,0
13-04-2025 21:36,51.7837423,37.4,39.8,0,0,0
13-04-2025 21:36,51.52293259,37.4,39.8,0,0,0
13-04-2025 21:37,51.10707048,37.7,39.3,0,0,0
13-04-2025 21:37,50.8384353,37.7,39.3,0,0,0
13-04-2025 21:38,50.45884733,37.7,39.3,0,0,0
13-04-2025 21:38,50.21711833,38.2,38.7,0,0,0
13-04-2025 21:39,49.73467398,38.2,38.7,0,0,0
13-04-2025 21:39,49.36582986,38.2,38.7,0,0,0
13-04-2025 21:40,49.026307,38.2,38.7,0,0,0
13-04-2025 21:40,48.71012487,38.3,37.6,0,0,0
13-04-2025 21:41,48.38096219,38.3,37.6,0,0,0
13-04-2025 21:41,48.11278663,38.3,37.6,0,0,0
13-04-2025 21:42,47.86631102,37.7,37.5,0,0,0
13-04-2025 21:42,47.59702235,37.7,37.5,0,0,0
13-04-2025 21:43,47.13380499,37.7,37.5,0,0,0
13-04-2025 21:43,46.67198812,37.5,38.5,0,0,0
13-04-2025 21:44,46.47103878,37.5,38.5,0,0,0
13-04-2025 21:44,46.15773963,37.5,38.5,0,0,0
13-04-2025 21:45,45.84255693,37.5,38.5,0,0,0
13-04-2025 21:45,45.55796726,37.4,39,0,0,0
13-04-2025 21:46,45.21124745,37.4,39,0,0,0
13-04-2025 21:46,44.84079623,37.4,39,0,0,0
13-04-2025 21:47,44.36847291,37.2,38.9,0,0,0
13-04-2025 21:47,43.90954032,37.2,38.9,0,0,0
13-04-2025 21:48,43.42184297,37.2,38.9,0,0,0
13-04-2025 21:48,42.98215283,37.4,38.8,0,0,0
13-04-2025 21:49,42.68370007,37.4,38.8,0,0,0
13-04-2025 21:49,42.46759908,37.4,38.8,0,0,0
13-04-2025 21:50,42.03602885,37.8,39.4,0,0,0
13-04-2025 21:50,41.77090889,37.8,39.4,0,0,0
13-04-2025 21:51,41.40287478,37.8,39.4,0,0,0
13-04-2025 21:51,40.97474285,38,39.2,0,0,0
13-04-2025 21:52,40.47792725,38,39.2,0,0,0
13-04-2025 21:52,39.99246189,38,39.2,0,0,1
13-04-2025 21:53,41.01242728,38,39.2,0,0,1
13-04-2025 21:53,42.02204817,37.3,38.3,0,0,1
13-04-2025 21:54,43.0229008,37.3,38.3,0,0,1
13-04-2025 21:54,43.91311306,37.3,38.3,0,0,1
13-04-2025 21:55,44.65980535,37.1,38.8,0,0,1
13-04-2025 21:55,45.78294656,37.1,38.8,0,0,1
13-04-2025 21:56,46.81472703,37.1,38.8,0,0,1
13-04-2025 21:56,47.9693812,37.1,39.5,0,0,1
13-04-2025 21:57,48.7872478,37.1,39.5,0,0,1
13-04-2025 21:57,49.74735106,37.1,39.5,0,0,1
13-04-2025 21:58,50.6326793,37.1,39.5,0,0,1
13-04-2025 21:58,51.76841755,36.9,39.7,0,0,1
13-04-2025 21:59,52.59955523,36.9,39.7,0,0,1
13-04-2025 21:59,53.4034396,36.9,39.7,0,0,1
13-04-2025 22:00,54.43932634,36.9,38.8,0,0,1
13-04-2025 22:00,55.42694747,36.9,38.8,0,0,1
13-04-2025 22:01,56.46691529,36.9,38.8,0,0,1
13-04-2025 22:01,57.54477953,36.6,40.7,0,0,1
13-04-2025 22:02,58.39821075,36.6,40.7,0,0,1
13-04-2025 22:02,59.15603555,36.6,40.7,0,0,1
13-04-2025 22:03,60.19969697,36.7,41.8,0,0,1
13-04-2025 22:03,60.98046067,36.7,41.8,0,0,1
13-04-2025 22:04,62.1787703,36.7,41.8,0,0,1
13-04-2025 22:04,63.02279425,36.7,41.8,0,0,1
13-04-2025 22:05,63.99050885,36.5,40.2,0,0,1
13-04-2025 22:05,65.02774209,36.5,40.2,0,0,1
13-04-2025 22:06,65.7966916,36.5,40.2,0,0,1
13-04-2025 22:06,66.75978283,36.8,39.8,0,0,1
13-04-2025 22:07,67.64978641,36.8,39.8,0,0,1
13-04-2025 22:07,68.72762368,36.8,39.8,0,0,1
13-04-2025 22:08,69.85158205,37.1,39.9,0,0,1
13-04-2025 22:08,70.98803806,37.1,39.9,0,0,0
13-04-2025 22:09,70.70691503,37.1,39.9,0,0,0
13-04-2025 22:09,70.21042636,37.1,39.9,0,0,0
13-04-2025 22:10,69.71271086,36.9,39.2,0,0,0
13-04-2025 22:10,69.49238117,36.9,39.2,0,0,0
13-04-2025 22:11,69.04149692,36.9,39.2,0,0,0
13-04-2025 22:11,68.65649924,36.9,40.5,0,0,0
13-04-2025 22:12,68.26781705,36.9,40.5,0,0,0
13-04-2025 22:12,67.88091663,36.9,40.5,0,0,0
13-04-2025 22:13,67.43783533,36.7,40.2,0,0,0
13-04-2025 22:13,67.22359376,36.7,40.2,0,0,0
13-04-2025 22:14,66.79508404,36.7,40.2,0,0,0
13-04-2025 22:14,66.43297461,36.7,40,0,0,0
13-04-2025 22:15,66.2153975,36.7,40,0,0,0
13-04-2025 22:15,65.92767674,36.7,40,0,0,0
13-04-2025 22:16,65.53252498,36.7,40,0,0,0
13-04-2025 22:16,65.09897209,36.7,40.5,0,0,0
13-04-2025 22:17,64.65478292,36.7,40.5,0,0,0
13-04-2025 22:17,64.39875173,36.7,40.5,0,0,0
13-04-2025 22:18,64.0150265,36.7,40.15,0,0,0
13-04-2025 22:18,63.75428265,36.7,39.8,0,0,0
13-04-2025 22:19,63.42975965,36.7,39.8,0,0,0
13-04-2025 22:19,62.97583232,36.6,40.1,0,0,0
13-04-2025 22:20,62.69166623,36.5,40.4,0,0,0
13-04-2025 22:20,62.22755655,36.5,40.4,0,0,0
13-04-2025 22:21,61.86953388,36.5,40.4,0,0,0
13-04-2025 22:21,61.40508924,36.4,41,0,0,0
13-04-2025 22:22,60.94016066,36.4,41,0,0,0
13-04-2025 22:22,60.50765532,36.4,41,0,0,0
13-04-2025 22:23,60.24610612,36.35,41,0,0,0
13-04-2025 22:23,59.93487691,36.3,41,0,0,0
13-04-2025 22:24,59.45839824,36.3,41,0,0,0
13-04-2025 22:24,59.20467247,36.05,41.6,0,0,0
13-04-2025 22:25,58.8949435,35.8,42.2,0,0,0
13-04-2025 22:25,58.41976166,35.8,42.2,0,0,0
13-04-2025 22:26,58.13316253,35.7,42.35,0,0,0
13-04-2025 22:26,57.78052535,35.7,42.35,0,0,0
13-04-2025 22:27,57.56125623,35.6,42.5,0,0,0
13-04-2025 22:27,57.11927521,35.6,42.5,0,0,0
13-04-2025 22:28,56.63174441,35.65,42.65,0,0,0
13-04-2025 22:28,56.23697946,35.7,42.8,0,0,0
13-04-2025 22:29,55.79793543,35.7,42.8,0,0,0
13-04-2025 22:29,55.34989602,35.7,42.8,0,0,0
13-04-2025 22:30,54.96200941,35.7,42.8,0,0,0
13-04-2025 22:30,54.5940092,35.7,42.8,0,0,0
13-04-2025 22:31,54.35091758,35.55,43.65,0,0,0
13-04-2025 22:31,53.98288337,35.4,44.5,0,0,0
13-04-2025 22:32,53.62306488,35.4,44.5,0,0,0
13-04-2025 22:32,53.17416924,35.4,44.5,0,0,0
13-04-2025 22:33,52.68980173,35.2,45.9,0,0,0
13-04-2025 22:33,52.28982582,35.2,45.9,0,0,0
13-04-2025 22:34,52.02844415,35.2,45.9,0,0,0
13-04-2025 22:34,51.55401657,35.1,45.3,0,0,0
13-04-2025 22:35,51.2932189,35,44.7,0,0,0
13-04-2025 22:35,50.95607114,35,44.7,0,0,0
13-04-2025 22:36,50.70060175,34.85,45.4,0,0,0
13-04-2025 22:36,50.42688518,34.7,46.1,0,0,0
13-04-2025 22:37,50.17908833,34.7,46.1,0,0,0
13-04-2025 22:37,49.92336038,34.7,46.1,0,0,0
13-04-2025 22:38,49.59012452,34.2,48.2,0,0,0
13-04-2025 22:38,49.26224019,34.2,48.2,0,0,0
13-04-2025 22:39,48.92846081,34.2,48.2,0,0,0
13-04-2025 22:39,48.68359622,34.2,46.8,0,0,0
13-04-2025 22:40,48.42066365,34.2,46.8,0,0,0
13-04-2025 22:40,48.14235373,34.2,46.8,0,0,0
13-04-2025 22:41,47.91813813,34.25,46.7,0,0,0
13-04-2025 22:41,47.48394115,34.3,46.6,0,0,0
13-04-2025 22:42,47.15935462,34.3,46.6,0,0,0
13-04-2025 22:42,46.90165791,34.3,46.6,0,0,0
13-04-2025 22:43,46.47822239,34.2,47.4,0,0,0
13-04-2025 22:43,46.20151537,34.2,47.4,0,0,0
13-04-2025 22:44,45.77304508,34.2,47.4,0,0,0
13-04-2025 22:44,45.48747171,34.2,47.3,0,0,0
13-04-2025 22:45,45.27703682,34.2,47.3,0,0,0
13-04-2025 22:45,45.01191094,34.2,47.3,0,0,0
13-04-2025 22:46,44.80078296,33.9,47.9,0,0,0
13-04-2025 22:46,44.57217177,33.9,47.9,0,0,0
13-04-2025 22:47,44.1576194,33.9,47.9,0,0,0
13-04-2025 22:47,43.86574818,33.9,47.9,0,0,0
13-04-2025 22:48,43.45853113,33.8,48.4,0,0,0
13-04-2025 22:48,43.14165871,33.8,48.4,0,0,0
13-04-2025 22:49,42.76620469,33.8,48.4,0,0,0
13-04-2025 22:49,42.3268557,33.6,47.9,0,0,0
13-04-2025 22:50,42.11874088,33.6,47.9,0,0,0
13-04-2025 22:50,41.85255639,33.6,47.9,0,0,0
13-04-2025 22:51,41.45281656,33.6,48.7,0,0,0
13-04-2025 22:51,41.01044551,33.6,48.7,0,0,0
13-04-2025 22:52,40.73625981,33.6,48.7,0,0,0
13-04-2025 22:52,40.33757789,33.6,48.7,0,0,0
13-04-2025 22:53,39.93841455,33.6,49.3,0,0,1
13-04-2025 22:53,41.06615837,33.6,49.3,0,0,1
13-04-2025 22:54,41.84514505,33.6,49.3,0,0,1
13-04-2025 22:54,42.79284037,33.5,48.8,0,0,1
13-04-2025 22:55,43.79476039,33.5,48.8,0,0,1
13-04-2025 22:55,44.99443742,33.5,48.8,0,0,1
13-04-2025 22:56,45.96422876,33.4,48.8,0,0,1
13-04-2025 22:56,46.98997476,33.4,48.8,0,0,1
13-04-2025 22:57,47.79293116,33.4,48.8,0,0,1
13-04-2025 22:57,48.7550179,33.4,48.8,0,0,1
13-04-2025 22:58,49.57668901,33.2,50.4,0,0,1
13-04-2025 22:58,50.71380424,33.2,50.4,0,0,1
13-04-2025 22:59,51.44511039,33.2,50.4,0,0,1
13-04-2025 22:59,52.63196018,33.1,51.8,0,0,1
13-04-2025 23:00,53.67200798,33.1,51.8,0,0,1
13-04-2025 23:00,54.56727555,33.1,51.8,0,0,1
13-04-2025 23:01,55.39602873,33,51.4,0,0,1
13-04-2025 23:01,56.44046902,33,51.4,0,0,1
13-04-2025 23:02,57.37974165,33,51.4,0,0,1
13-04-2025 23:02,58.25181783,33,51.4,0,0,1
13-04-2025 23:03,59.35734259,33.1,50.8,0,0,1
13-04-2025 23:03,60.42699914,33.1,50.8,0,0,1
13-04-2025 23:04,61.53886172,33.1,50.8,0,0,1
13-04-2025 23:04,62.46866449,33.05,49.95,0,0,1
13-04-2025 23:05,63.34669065,33.05,49.95,0,0,1
13-04-2025 23:05,64.29926628,33,49.1,0,0,1
13-04-2025 23:06,65.39677563,33.05,48.55,0,0,1
13-04-2025 23:06,66.19388003,33.05,48.55,0,0,1
13-04-2025 23:07,67.33252065,33.1,48,0,0,1
13-04-2025 23:07,68.52260496,33.1,48,0,0,1
13-04-2025 23:08,69.62358387,33.1,49.9,0,0,1
13-04-2025 23:08,70.52008699,33.1,49.9,0,0,0
13-04-2025 23:09,70.29184935,33.1,49.9,0,0,0
13-04-2025 23:09,70.01739627,33.1,48.9,0,0,0
13-04-2025 23:10,69.81224074,33.1,48.9,0,0,0
13-04-2025 23:10,69.56853141,33.1,47.9,0,0,0
13-04-2025 23:11,69.09008412,33.1,47.9,0,0,0
13-04-2025 23:11,68.74415508,33,48.7,0,0,0
13-04-2025 23:12,68.25535928,33,48.7,0,0,0
13-04-2025 23:12,67.99418558,33,48.7,0,0,0
13-04-2025 23:13,67.51540753,32.9,48.7,0,0,0
13-04-2025 23:13,67.29025232,32.9,48.7,0,0,0
13-04-2025 23:14,67.08888788,32.9,48.7,0,0,0
13-04-2025 23:14,66.88144266,32.85,49.05,0,0,0
13-04-2025 23:15,66.45530618,32.8,49.4,0,0,0
13-04-2025 23:15,65.98923632,32.8,49.4,0,0,0
13-04-2025 23:16,65.64613133,32.8,49.4,0,0,0
13-04-2025 23:16,65.19386788,32.8,49.8,0,0,0
13-04-2025 23:17,64.99298003,32.8,49.8,0,0,0
13-04-2025 23:17,64.61217513,32.8,49.8,0,0,0
13-04-2025 23:18,64.4049326,32.7,51.7,0,0,0
13-04-2025 23:18,64.01146228,32.7,51.7,0,0,0
13-04-2025 23:19,63.68584303,32.7,51.7,0,0,0
13-04-2025 23:19,63.30497507,32.6,49.7,0,0,0
13-04-2025 23:20,62.86350751,32.6,49.7,0,0,0
13-04-2025 23:20,62.60660016,32.6,49.7,0,0,0
13-04-2025 23:21,62.27664892,32.6,49.7,0,0,0
13-04-2025 23:21,62.01677524,32.5,51.4,0,0,0
13-04-2025 23:22,61.60935613,32.5,51.4,0,0,0
13-04-2025 23:22,61.2972357,32.5,51.4,0,0,0
13-04-2025 23:23,60.95462087,32.5,49.5,0,0,0
13-04-2025 23:23,60.71674748,32.5,49.5,0,0,0
13-04-2025 23:24,60.4129445,32.5,49.5,0,0,0
13-04-2025 23:24,59.94778685,32.5,49.5,0,0,0
13-04-2025 23:25,59.68021228,32.4,50.3,0,0,0
13-04-2025 23:25,59.27284994,32.4,50.3,0,0,0
13-04-2025 23:26,58.95471706,32.4,50.3,0,0,0
13-04-2025 23:26,58.66956603,32.3,49.7,0,0,0
13-04-2025 23:27,58.30030575,32.3,49.7,0,0,0
13-04-2025 23:27,58.05649561,32.3,49.7,0,0,0
13-04-2025 23:28,57.83745276,32.3,48.1,0,0,0
13-04-2025 23:28,57.59486894,32.3,48.1,0,0,0
13-04-2025 23:29,57.17437974,32.3,48.1,0,0,0
13-04-2025 23:29,56.94703265,32.2,47.8,0,0,0
13-04-2025 23:30,56.46733221,32.2,47.8,0,0,0
13-04-2025 23:30,56.22563951,32.2,47.8,0,0,0
13-04-2025 23:31,56.01818008,32.2,47.8,0,0,0
13-04-2025 23:31,55.79707995,32.1,48.3,0,0,0
13-04-2025 23:32,55.3168829,32.1,48.3,0,0,0
13-04-2025 23:32,55.03337252,32.1,48.3,0,0,0
13-04-2025 23:33,54.66213958,32,48.7,0,0,0
13-04-2025 23:33,54.21864582,32,48.7,0,0,0
13-04-2025 23:34,53.98205396,32,48.7,0,0,0
13-04-2025 23:34,53.58204415,32,48.7,0,0,0
13-04-2025 23:35,53.22052838,32,48.1,0,0,0
13-04-2025 23:35,52.86257139,32,48.1,0,0,0
13-04-2025 23:36,52.64253363,32,48.1,0,0,0
13-04-2025 23:36,52.330902,32,48.1,0,0,0
13-04-2025 23:37,51.8659705,32,48.1,0,0,0
13-04-2025 23:37,51.65491986,32,48.1,0,0,0
13-04-2025 23:38,51.16292241,32,48.1,0,0,0
13-04-2025 23:38,50.73714725,32,48.1,0,0,0
13-04-2025 23:39,50.27309249,32,48.1,0,0,0
13-04-2025 23:39,50.02467302,32,48.1,0,0,0
13-04-2025 23:40,49.62917395,32,48.1,0,0,0
13-04-2025 23:40,49.30993581,32,48.1,0,0,0
13-04-2025 23:41,49.10050479,32,48.1,0,0,0
13-04-2025 23:41,48.87511095,32,48.1,0,0,0
13-04-2025 23:42,48.64852702,32,48.1,0,0,0
13-04-2025 23:42,48.25047965,32,48.1,0,0,0
13-04-2025 23:43,48.01468042,32,48.1,0,0,0
13-04-2025 23:43,47.65498871,32,48.1,0,0,0
13-04-2025 23:44,47.30465305,32,48.1,0,0,0
13-04-2025 23:44,47.04895844,32,48.1,0,0,0
13-04-2025 23:45,46.62364118,32,48.1,0,0,0
13-04-2025 23:45,46.35739338,32,48.1,0,0,0
13-04-2025 23:46,46.03890215,32,48.1,0,0,0
13-04-2025 23:46,45.75165593,32,48.1,0,0,0
13-04-2025 23:47,45.44673322,32,48.1,0,0,0
13-04-2025 23:47,44.9777968,32,48.1,0,0,0
13-04-2025 23:48,44.55455483,32,48.1,0,0,0
13-04-2025 23:48,44.17658189,32,48.1,0,0,0
13-04-2025 23:49,43.82697579,32,48.1,0,0,0
13-04-2025 23:49,43.41301044,32,48.1,0,0,0
13-04-2025 23:50,42.98560853,32,48.1,0,0,0
13-04-2025 23:50,42.56492277,32,48.1,0,0,0
13-04-2025 23:51,42.11481976,32,48.1,0,0,0
13-04-2025 23:51,41.65936865,32,48.1,0,0,0
13-04-2025 23:52,41.29704075,32,48.1,0,0,0
13-04-2025 23:52,40.99043913,32,48.1,0,0,0
13-04-2025 23:53,40.78410676,32,48.1,0,0,0
13-04-2025 23:53,40.5335029,32,48.1,0,0,0
13-04-2025 23:54,40.31468747,32,48.1,0,0,0
13-04-2025 23:54,40.09318671,32,48.1,0,0,0
13-04-2025 23:55,39.82089491,32,48.1,0,0,1
13-04-2025 23:55,40.53737095,32,48.1,0,0,1
13-04-2025 23:56,41.37593514,32,48.1,0,0,1
13-04-2025 23:56,42.50231148,32,48.1,0,0,1
13-04-2025 23:57,43.31569253,32,48.1,0,0,1
13-04-2025 23:57,44.12179061,32,48.1,0,0,1
13-04-2025 23:58,45.07724832,32,48.1,0,0,1
13-04-2025 23:58,46.22964156,32,48.1,0,0,1
