timestamp,soil_moisture,temperature,humidity,water_level,light_intensity,pump_status    
2025-04-13 15:09:00,100.0,28.100000000000005,68.0,30.0,250000.0,0.0
2025-04-13 15:09:30,100.0,28.100000000000005,68.0,30.0,250000.0,0.0
2025-04-13 15:10:00,100.0,27.76666666666667,69.7,30.0,250000.0,0.0
2025-04-13 15:10:30,84.5,27.1,73.1,30.0,250000.0,0.0
2025-04-13 15:11:00,100.0,28.700000000000003,65.3,30.0,125000.0,0.0
2025-04-13 15:11:30,100.0,29.5,62.06666666666666,30.0,166716.6366666667,0.0
2025-04-13 15:12:00,52.5,26.9,73.4,30.0,250000.0,0.5
2025-04-13 15:12:30,100.0,28.85,64.45,30.0,125000.0,0.0
2025-04-13 15:13:00,89.33333333333333,27.933333333333334,67.83333333333333,30.0,166705.70666666667,0.0
2025-04-13 15:13:30,89.33333333333333,27.933333333333334,67.83333333333333,30.0,166705.70666666667,0.0
2025-04-13 15:14:00,100.0,26.85,73.0,30.0,250000.0,0.0
2025-04-13 15:14:30,100.0,26.8,74.0,30.0,250000.0,0.0
2025-04-13 15:15:00,100.0,26.8,74.0,30.0,106.75,0.0
2025-04-13 15:15:30,100.0,27.05,73.25,30.0,250000.0,0.0
2025-04-13 15:16:00,100.0,27.05,73.25,30.0,250000.0,0.0
2025-04-13 15:16:30,100.0,27.3,72.5,30.0,87.22,0.0
2025-04-13 15:17:00,100.0,27.0,73.6,30.0,250000.0,0.0
2025-04-13 15:17:30,100.0,27.0,73.6,30.0,250000.0,0.0
2025-04-13 15:18:00,100.0,27.0,73.6,30.0,76.77,0.0
2025-04-13 15:18:30,100.0,27.0,74.7,30.0,250000.0,0.0
2025-04-13 15:19:00,100.0,27.0,74.7,30.0,250000.0,0.0
2025-04-13 15:19:30,100.0,27.0,74.7,30.0,29.98,0.0
2025-04-13 15:20:00,100.0,26.8,74.8,30.0,250000.0,0.0
2025-04-13 15:20:30,100.0,26.8,74.8,30.0,250000.0,0.0
2025-04-13 15:21:00,100.0,26.8,74.8,30.0,250000.0,0.0
2025-04-13 15:21:30,100.0,26.8,74.8,30.0,0.17,0.0
2025-04-13 15:22:00,100.0,26.8,74.7,30.0,250000.0,0.0
2025-04-13 15:22:30,100.0,26.8,74.7,30.0,250000.0,0.0
2025-04-13 15:23:00,100.0,26.8,74.7,30.0,2266.38,0.0
2025-04-13 15:23:30,100.0,27.1,73.8,30.0,250000.0,0.0
2025-04-13 15:24:00,100.0,27.1,73.8,30.0,250000.0,0.0
2025-04-13 15:24:30,100.0,27.1,73.8,30.0,57.59,0.0
2025-04-13 15:25:00,100.0,27.5,72.3,30.0,250000.0,0.0
2025-04-13 15:25:30,100.0,27.5,72.3,30.0,250000.0,0.0
2025-04-13 15:26:00,100.0,27.5,72.3,30.0,58.44,0.0
2025-04-13 15:26:30,100.0,27.8,71.2,30.0,250000.0,0.0
2025-04-13 15:27:00,100.0,27.8,71.2,30.0,250000.0,0.0
2025-04-13 15:27:30,100.0,27.8,71.2,30.0,250000.0,0.0
2025-04-13 15:28:00,100.0,27.700000000000003,70.9,30.0,125067.21,0.0
2025-04-13 15:28:30,100.0,27.6,70.6,30.0,250000.0,0.0
2025-04-13 15:29:00,100.0,27.6,70.6,30.0,250000.0,0.0
2025-04-13 15:29:30,100.0,27.85,70.0,30.0,125029.54,0.0
2025-04-13 15:30:00,100.0,28.1,69.4,30.0,250000.0,0.0
2025-04-13 15:30:30,100.0,28.1,69.4,30.0,250000.0,0.0
2025-04-13 15:31:00,100.0,28.0,69.85,30.0,125035.79,0.0
2025-04-13 15:31:30,100.0,27.9,70.3,30.0,250000.0,0.0
2025-04-13 15:32:00,100.0,27.9,70.3,30.0,250000.0,0.0
2025-04-13 15:32:30,100.0,27.9,70.3,30.0,250000.0,0.0
2025-04-13 15:33:00,100.0,27.9,70.7,30.0,125114.235,0.0
2025-04-13 15:33:30,100.0,27.9,70.7,30.0,250000.0,0.0
2025-04-13 15:34:00,100.0,27.9,70.7,30.0,250000.0,0.0
2025-04-13 15:34:30,100.0,27.8,70.5,30.0,125029.95,0.0
2025-04-13 15:35:00,100.0,27.8,70.5,30.0,250000.0,0.0
2025-04-13 15:35:30,100.0,27.8,70.5,30.0,250000.0,0.0
2025-04-13 15:36:00,100.0,27.8,69.2,30.0,125017.675,0.0
2025-04-13 15:36:30,100.0,27.8,69.2,30.0,250000.0,0.0
2025-04-13 15:37:00,100.0,27.8,69.2,30.0,250000.0,0.0
2025-04-13 15:37:30,100.0,27.8,69.4,30.0,125029.715,0.0
2025-04-13 15:38:00,100.0,27.8,69.4,30.0,250000.0,0.0
2025-04-13 15:38:30,100.0,27.8,69.4,30.0,250000.0,0.0
2025-04-13 15:39:00,100.0,27.8,69.3,30.0,250000.0,0.0
2025-04-13 15:39:30,100.0,27.8,69.3,30.0,50.56,0.0
2025-04-13 15:40:00,100.0,27.8,69.3,30.0,250000.0,0.0
2025-04-13 15:40:30,100.0,27.8,69.4,30.0,250000.0,0.0
2025-04-13 15:41:00,100.0,27.8,69.4,30.0,23.23,0.0
2025-04-13 15:41:30,100.0,27.8,69.4,30.0,250000.0,0.0
2025-04-13 15:42:00,100.0,27.8,69.4,30.0,250000.0,0.0
2025-04-13 15:42:30,100.0,27.8,69.5,30.0,125027.47,0.0
2025-04-13 15:43:00,100.0,27.8,69.5,30.0,250000.0,0.0
2025-04-13 15:43:30,100.0,27.8,69.5,30.0,250000.0,0.0
2025-04-13 15:44:00,100.0,27.9,69.3,30.0,125027.47,0.0
2025-04-13 15:44:30,100.0,27.9,69.3,30.0,250000.0,0.0
2025-04-13 15:45:00,100.0,27.9,69.3,30.0,250000.0,0.0
2025-04-13 15:45:30,100.0,28.0,68.5,-213.0,250000.0,0.0
2025-04-13 15:46:00,100.0,28.0,68.5,30.0,63.24,0.0
2025-04-13 15:46:30,100.0,28.0,68.5,30.0,250000.0,0.0
2025-04-13 15:47:00,100.0,28.1,68.0,30.0,250000.0,0.0
2025-04-13 15:47:30,100.0,28.1,68.0,30.0,47.68,0.0
2025-04-13 15:48:00,100.0,28.1,68.0,30.0,250000.0,0.0
2025-04-13 15:48:30,100.0,28.2,67.7,30.0,250000.0,0.0
2025-04-13 15:49:00,100.0,28.2,67.7,30.0,42.27,0.0
2025-04-13 15:49:30,100.0,28.2,67.7,30.0,250000.0,0.0
2025-04-13 15:50:00,100.0,28.5,66.8,30.0,250000.0,0.0
2025-04-13 15:50:30,100.0,28.5,66.8,30.0,45.49,0.0
2025-04-13 15:51:00,100.0,28.5,66.8,30.0,250000.0,0.0
2025-04-13 15:51:30,100.0,28.6,64.9,-852.0,250000.0,0.0
2025-04-13 15:52:00,100.0,28.6,64.9,-852.0,250000.0,0.0
2025-04-13 15:52:30,100.0,28.6,64.9,30.0,48.24,0.0
2025-04-13 15:53:00,100.0,28.6,64.75,30.0,250000.0,0.0
2025-04-13 15:53:30,100.0,28.6,64.75,30.0,250000.0,0.0
2025-04-13 15:54:00,100.0,28.6,64.6,30.0,43.19,0.0
2025-04-13 15:54:30,100.0,28.65,64.55,30.0,250000.0,0.0
2025-04-13 15:55:00,100.0,28.65,64.55,30.0,250000.0,0.0
2025-04-13 15:55:30,100.0,28.7,64.5,30.0,39.84,0.0
2025-04-13 15:56:00,100.0,28.7,64.5,30.0,250000.0,0.0
2025-04-13 15:56:30,100.0,29.0,63.2,30.0,250000.0,0.0
2025-04-13 15:57:00,100.0,29.0,63.2,30.0,250000.0,0.0
2025-04-13 15:57:30,100.0,29.0,63.2,30.0,125021.05,0.0
2025-04-13 15:58:00,100.0,29.0,62.7,4.0,250000.0,0.0
2025-04-13 15:58:30,100.0,29.0,62.7,4.0,250000.0,0.0
2025-04-13 15:59:00,100.0,29.0,62.7,30.0,39.76,0.0
2025-04-13 15:59:30,100.0,28.9,62.05,30.0,250000.0,0.0
2025-04-13 16:00:00,100.0,28.9,62.05,30.0,250000.0,0.0
2025-04-13 16:00:30,100.0,28.8,61.4,30.0,44.83,0.0
2025-04-13 16:01:00,100.0,28.85,62.0,30.0,250000.0,0.0
2025-04-13 16:01:30,100.0,28.85,62.0,30.0,250000.0,0.0
2025-04-13 16:02:00,100.0,28.9,62.6,30.0,42.43,0.0
2025-04-13 16:02:30,100.0,28.9,62.400000000000006,30.0,250000.0,0.0
2025-04-13 16:03:00,100.0,28.9,62.400000000000006,30.0,250000.0,0.0
2025-04-13 16:03:30,100.0,28.9,62.400000000000006,30.0,250000.0,0.0
2025-04-13 16:04:00,100.0,28.899999999999995,61.800000000000004,30.0,166681.58,0.0
2025-04-13 16:04:30,100.0,28.899999999999995,61.800000000000004,30.0,166681.58,0.0
2025-04-13 16:05:00,100.0,28.899999999999995,61.800000000000004,30.0,166681.58,0.0
2025-04-13 16:05:30,100.0,28.9,61.0,30.0,28.3,0.0
2025-04-13 16:06:00,100.0,29.15,60.35,30.0,250000.0,0.0
2025-04-13 16:06:30,100.0,29.15,60.35,30.0,250000.0,0.0
2025-04-13 16:07:00,100.0,29.4,59.7,30.0,54.73,0.0
2025-04-13 16:07:30,100.0,29.4,58.7,30.0,250000.0,0.0
2025-04-13 16:08:00,100.0,29.4,58.7,30.0,250000.0,0.0
2025-04-13 16:08:30,100.0,29.4,58.7,30.0,41.4,0.0
2025-04-13 16:09:00,100.0,29.6,58.6,30.0,250000.0,0.0
2025-04-13 16:09:30,100.0,29.6,58.6,30.0,250000.0,0.0
2025-04-13 16:10:00,100.0,29.6,58.6,30.0,250000.0,0.0
2025-04-13 16:10:30,100.0,29.600000000000005,58.26666666666667,30.0,166673.6,0.0
2025-04-13 16:11:00,100.0,29.600000000000005,58.26666666666667,30.0,166673.6,0.0
2025-04-13 16:11:30,100.0,29.600000000000005,58.26666666666667,30.0,166673.6,0.0
2025-04-13 16:12:00,100.0,29.55,58.05,30.0,125021.725,0.0
2025-04-13 16:12:30,100.0,29.5,58.0,30.0,250000.0,0.0
2025-04-13 16:13:00,100.0,29.5,58.0,30.0,250000.0,0.0
2025-04-13 16:13:30,100.0,29.55,57.9,30.0,125018.395,0.0
2025-04-13 16:14:00,100.0,29.6,57.8,30.0,250000.0,0.0
2025-04-13 16:14:30,100.0,29.6,57.8,30.0,250000.0,0.0
2025-04-13 16:15:00,100.0,29.6,57.8,30.0,250000.0,0.0
2025-04-13 16:15:30,100.0,29.733333333333334,57.73333333333333,30.0,166682.81,0.0
2025-04-13 16:16:00,100.0,29.733333333333334,57.73333333333333,30.0,166682.81,0.0
2025-04-13 16:16:30,100.0,29.733333333333334,57.73333333333333,30.0,166682.81,0.0
2025-04-13 16:17:00,100.0,29.7,56.5,30.0,166680.66,0.0
2025-04-13 16:17:30,100.0,29.7,56.5,30.0,166680.66,0.0
2025-04-13 16:18:00,100.0,29.7,56.5,30.0,166680.66,0.0
2025-04-13 16:18:30,100.0,29.8,57.7,17.0,125020.62,0.0
2025-04-13 16:19:00,100.0,29.8,57.7,30.0,250000.0,0.0
2025-04-13 16:19:30,100.0,29.8,57.7,30.0,250000.0,0.0
2025-04-13 16:20:00,100.0,30.1,55.8,30.0,125022.24,0.0
2025-04-13 16:20:30,100.0,30.1,55.8,30.0,250000.0,0.0
2025-04-13 16:21:00,100.0,30.1,55.8,30.0,250000.0,0.0
2025-04-13 16:21:30,100.0,30.0,55.1,30.0,250000.0,0.0
2025-04-13 16:22:00,100.0,30.0,55.1,30.0,125020.72,0.0
2025-04-13 16:22:30,100.0,30.0,55.1,30.0,125020.72,0.0
2025-04-13 16:23:00,100.0,30.0,55.2,30.0,250000.0,0.0
2025-04-13 16:23:30,100.0,30.0,55.2,30.0,125026.285,0.0
2025-04-13 16:24:00,100.0,30.0,55.2,30.0,125026.285,0.0
2025-04-13 16:24:30,100.0,30.1,55.8,5.0,250000.0,0.0
2025-04-13 16:25:00,100.0,30.1,55.8,30.0,32.69,0.0
2025-04-13 16:25:30,100.0,30.1,55.8,30.0,250000.0,0.0
2025-04-13 16:26:00,100.0,30.1,55.8,30.0,250000.0,0.0
2025-04-13 16:26:30,100.0,30.2,55.8,30.0,125021.725,0.0
2025-04-13 16:27:00,100.0,30.2,55.8,30.0,250000.0,0.0
2025-04-13 16:27:30,100.0,30.2,55.8,30.0,250000.0,0.0
2025-04-13 16:28:00,100.0,30.6,56.0,30.0,250000.0,0.0
2025-04-13 16:28:30,100.0,30.6,56.0,30.0,125010.645,0.0
2025-04-13 16:29:00,100.0,30.6,56.0,30.0,125010.645,0.0
2025-04-13 16:29:30,100.0,30.9,54.5,30.0,250000.0,0.0
2025-04-13 16:30:00,100.0,30.9,54.5,30.0,125027.93,0.0
2025-04-13 16:30:30,100.0,30.9,54.5,30.0,125027.93,0.0
2025-04-13 16:31:00,100.0,30.7,55.2,30.0,250000.0,0.0
2025-04-13 16:31:30,100.0,30.7,55.2,30.0,41.69,0.0
2025-04-13 16:32:00,100.0,30.7,55.2,30.0,250000.0,0.0
2025-04-13 16:32:30,100.0,30.8,53.0,30.0,250000.0,0.0
2025-04-13 16:33:00,100.0,30.8,53.0,30.0,45.49,0.0
2025-04-13 16:33:30,100.0,30.8,53.0,30.0,250000.0,0.0
2025-04-13 16:34:00,100.0,30.6,53.1,30.0,250000.0,0.0
2025-04-13 16:34:30,100.0,30.6,53.1,30.0,250000.0,0.0
2025-04-13 16:35:00,100.0,30.6,53.1,30.0,125014.99,0.0
2025-04-13 16:35:30,100.0,30.6,53.1,30.0,125014.99,0.0
2025-04-13 16:36:00,100.0,30.5,53.1,30.0,250000.0,0.0
2025-04-13 16:36:30,100.0,30.5,53.1,30.0,125020.04,0.0
2025-04-13 16:37:00,100.0,30.5,53.1,30.0,125020.04,0.0
2025-04-13 16:37:30,100.0,30.4,52.7,30.0,250000.0,0.0
2025-04-13 16:38:00,100.0,30.4,52.7,30.0,41.48,0.0
2025-04-13 16:38:30,100.0,30.4,52.7,30.0,250000.0,0.0
2025-04-13 16:39:00,100.0,30.6,52.1,30.0,250000.0,0.0
2025-04-13 16:39:30,100.0,30.6,52.1,30.0,250000.0,0.0
2025-04-13 16:40:00,100.0,30.6,52.1,30.0,125020.04,0.0
2025-04-13 16:40:30,100.0,30.7,52.8,30.0,250000.0,0.0
2025-04-13 16:41:00,100.0,30.7,52.8,30.0,250000.0,0.0
2025-04-13 16:41:30,100.0,30.7,52.8,30.0,125020.62,0.0
2025-04-13 16:42:00,100.0,30.7,52.5,30.0,250000.0,0.0
2025-04-13 16:42:30,100.0,30.7,52.5,30.0,250000.0,0.0
2025-04-13 16:43:00,100.0,30.7,52.5,30.0,43.36,0.0
2025-04-13 16:43:30,100.0,30.75,52.95,30.0,250000.0,0.0
2025-04-13 16:44:00,100.0,30.75,52.95,30.0,250000.0,0.0
2025-04-13 16:44:30,100.0,30.8,53.4,30.0,52.99,0.0
2025-04-13 16:45:00,100.0,30.9,53.099999999999994,30.0,250000.0,0.0
2025-04-13 16:45:30,100.0,30.9,53.099999999999994,30.0,250000.0,0.0
2025-04-13 16:46:00,100.0,30.9,53.099999999999994,30.0,250000.0,0.0
2025-04-13 16:46:30,100.0,31.0,52.8,30.0,125026.625,0.0
2025-04-13 16:47:00,100.0,31.1,52.6,30.0,250000.0,0.0
2025-04-13 16:47:30,100.0,31.1,52.6,30.0,250000.0,0.0
2025-04-13 16:48:00,100.0,31.1,52.6,30.0,125020.295,0.0
2025-04-13 16:48:30,100.0,31.3,53.0,30.0,250000.0,0.0
2025-04-13 16:49:00,100.0,31.3,53.0,30.0,250000.0,0.0
2025-04-13 16:49:30,100.0,31.3,53.0,30.0,115.49,0.0
2025-04-13 16:50:00,100.0,31.25,52.35,30.0,250000.0,0.0
2025-04-13 16:50:30,100.0,31.25,52.35,30.0,250000.0,0.0
2025-04-13 16:51:00,100.0,31.2,51.7,30.0,39.06,0.0
2025-04-13 16:51:30,100.0,31.2,51.95,-411.5,250000.0,0.0
2025-04-13 16:52:00,100.0,31.2,51.95,-411.5,250000.0,0.0
2025-04-13 16:52:30,100.0,31.2,51.95,-411.5,250000.0,0.0
2025-04-13 16:53:00,100.0,31.133333333333336,52.73333333333333,30.0,166680.69999999998,0.0
2025-04-13 16:53:30,100.0,31.133333333333336,52.73333333333333,30.0,166680.69999999998,0.0
2025-04-13 16:54:00,100.0,31.133333333333336,52.73333333333333,30.0,166680.69999999998,0.0
2025-04-13 16:54:30,100.0,31.3,51.53333333333333,30.0,166678.43666666668,0.0
2025-04-13 16:55:00,100.0,31.3,51.53333333333333,30.0,166678.43666666668,0.0
2025-04-13 16:55:30,100.0,31.3,51.53333333333333,30.0,166678.43666666668,0.0
2025-04-13 16:56:00,100.0,31.3,52.6,30.0,125019.2,0.0
2025-04-13 16:56:30,100.0,31.3,52.6,30.0,250000.0,0.0
2025-04-13 16:57:00,100.0,31.3,52.6,30.0,250000.0,0.0
2025-04-13 16:57:30,100.0,31.4,53.4,-853.0,250000.0,0.0
2025-04-13 16:58:00,100.0,31.4,53.4,30.0,125020.46,0.0
2025-04-13 16:58:30,100.0,31.4,53.4,30.0,125020.46,0.0
2025-04-13 16:59:00,100.0,31.4,53.4,30.0,125020.46,0.0
2025-04-13 16:59:30,100.0,31.5,53.4,30.0,166677.34333333335,0.0
2025-04-13 17:00:00,100.0,31.5,53.4,30.0,166677.34333333335,0.0
2025-04-13 17:00:30,100.0,31.5,53.4,30.0,166677.34333333335,0.0
2025-04-13 17:01:00,100.0,31.600000000000005,53.9,30.0,166679.88,0.0
2025-04-13 17:01:30,100.0,31.600000000000005,53.9,30.0,166679.88,0.0
2025-04-13 17:02:00,100.0,31.600000000000005,53.9,30.0,166679.88,0.0
2025-04-13 17:02:30,100.0,31.3,54.9,30.0,125018.955,0.0
2025-04-13 17:03:00,100.0,31.3,54.9,30.0,250000.0,0.0
2025-04-13 17:03:30,100.0,31.3,54.9,30.0,250000.0,0.0
2025-04-13 17:04:00,100.0,31.1,55.5,30.0,250000.0,0.0
2025-04-13 17:04:30,100.0,31.1,55.5,30.0,125016.545,0.0
2025-04-13 17:05:00,100.0,31.1,55.5,30.0,125016.545,0.0
2025-04-13 17:05:30,100.0,31.1,55.9,30.0,250000.0,0.0
2025-04-13 17:06:00,100.0,31.1,55.9,30.0,125020.195,0.0
2025-04-13 17:06:30,100.0,31.1,55.9,30.0,125020.195,0.0
2025-04-13 17:07:00,100.0,31.1,55.9,30.0,125020.195,0.0
2025-04-13 17:07:30,100.0,31.3,56.0,30.0,166678.06333333332,0.0
2025-04-13 17:08:00,100.0,31.3,56.0,30.0,166678.06333333332,0.0
2025-04-13 17:08:30,100.0,31.3,56.0,30.0,166678.06333333332,0.0
2025-04-13 17:09:00,100.0,31.5,54.5,30.0,125020.195,0.0
2025-04-13 17:09:30,100.0,31.5,54.5,30.0,250000.0,0.0
2025-04-13 17:10:00,100.0,31.5,54.5,30.0,250000.0,0.0
2025-04-13 17:10:30,100.0,31.6,54.0,30.0,250000.0,0.0
2025-04-13 17:11:00,100.0,31.6,54.0,30.0,875.33,0.0
2025-04-13 17:11:30,100.0,31.6,54.0,30.0,875.33,0.0
2025-04-13 17:12:00,100.0,31.3,55.0,-853.0,250000.0,0.0
2025-04-13 17:12:30,100.0,31.3,55.0,30.0,125019.94,0.0
2025-04-13 17:13:00,100.0,31.3,55.0,30.0,125019.94,0.0
2025-04-13 17:13:30,100.0,31.5,56.6,30.0,250000.0,0.0
2025-04-13 17:14:00,100.0,31.5,56.6,30.0,38.52,0.0
2025-04-13 17:14:30,100.0,31.5,56.6,30.0,250000.0,0.0
2025-04-13 17:15:00,100.0,31.7,54.3,30.0,250000.0,0.0
2025-04-13 17:15:30,100.0,31.7,54.3,30.0,37.27,0.0
2025-04-13 17:16:00,100.0,31.7,54.3,30.0,4012.55,0.0
2025-04-13 17:16:30,100.0,31.7,54.3,30.0,4012.55,0.0
2025-04-13 17:17:00,100.0,31.6,53.8,30.0,250000.0,0.0
2025-04-13 17:17:30,100.0,31.6,53.8,30.0,1004.875,0.0
2025-04-13 17:18:00,100.0,31.6,53.8,30.0,1004.875,0.0
2025-04-13 17:18:30,100.0,31.6,54.8,30.0,250000.0,0.0
2025-04-13 17:19:00,100.0,31.6,54.8,30.0,273.685,0.0
2025-04-13 17:19:30,100.0,31.6,54.8,30.0,273.685,0.0
2025-04-13 17:20:00,100.0,31.6,53.7,30.0,250000.0,0.0
2025-04-13 17:20:30,100.0,31.6,53.7,30.0,50.07,0.0
2025-04-13 17:21:00,100.0,31.6,53.7,30.0,250000.0,0.0
2025-04-13 17:21:30,100.0,31.7,55.9,30.0,250000.0,0.0
2025-04-13 17:22:00,100.0,31.7,55.9,30.0,250000.0,0.0
2025-04-13 17:22:30,100.0,31.7,55.9,30.0,377.065,0.0
2025-04-13 17:23:00,100.0,31.8,53.1,30.0,250000.0,0.0
2025-04-13 17:23:30,100.0,31.8,53.1,30.0,250000.0,0.0
2025-04-13 17:24:00,100.0,31.8,53.1,30.0,220.09,0.0
2025-04-13 17:24:30,100.0,31.7,53.6,30.0,250000.0,0.0
2025-04-13 17:25:00,100.0,31.7,53.6,30.0,250000.0,0.0
2025-04-13 17:25:30,100.0,31.7,53.6,30.0,165.86,0.0
2025-04-13 17:26:00,100.0,31.7,53.6,30.0,165.86,0.0
2025-04-13 17:26:30,100.0,31.4,55.0,30.0,250000.0,0.0
2025-04-13 17:27:00,100.0,31.4,55.0,30.0,36.65,0.0
2025-04-13 17:27:30,100.0,31.4,55.0,30.0,507.39,0.0
2025-04-13 17:28:00,100.0,31.6,54.5,30.0,250000.0,0.0
2025-04-13 17:28:30,100.0,31.6,54.5,30.0,250000.0,0.0
2025-04-13 17:29:00,100.0,31.6,54.5,30.0,125012.525,0.0
2025-04-13 17:29:30,100.0,31.8,55.8,30.0,250000.0,0.0
2025-04-13 17:30:00,100.0,31.8,55.8,30.0,250000.0,0.0
2025-04-13 17:30:30,100.0,31.8,55.8,30.0,171.57999999999998,0.0
2025-04-13 17:31:00,100.0,31.5,55.1,30.0,250000.0,0.0
2025-04-13 17:31:30,100.0,31.5,55.1,30.0,250000.0,0.0
2025-04-13 17:32:00,100.0,31.5,55.1,30.0,114.035,0.0
2025-04-13 17:32:30,100.0,31.4,54.8,30.0,250000.0,0.0
2025-04-13 17:33:00,100.0,31.4,54.8,30.0,250000.0,0.0
2025-04-13 17:33:30,100.0,31.4,54.8,30.0,38.94,0.0
2025-04-13 17:34:00,100.0,31.5,54.8,-411.5,125098.01,0.0
2025-04-13 17:34:30,100.0,31.5,54.8,-411.5,125098.01,0.0
2025-04-13 17:35:00,100.0,31.5,54.8,-411.5,125098.01,0.0
2025-04-13 17:35:30,100.0,31.733333333333334,54.53333333333333,30.0,83414.69,0.0
2025-04-13 17:36:00,100.0,31.733333333333334,54.53333333333333,30.0,83414.69,0.0
2025-04-13 17:36:30,100.0,31.733333333333334,54.53333333333333,30.0,83414.69,0.0
2025-04-13 17:37:00,100.0,32.0,54.0,30.0,111.96000000000001,0.0
2025-04-13 17:37:30,100.0,32.0,55.1,30.0,250000.0,0.0
2025-04-13 17:38:00,100.0,32.0,55.1,30.0,250000.0,0.0
2025-04-13 17:38:30,100.0,32.0,55.1,30.0,102.00999999999999,0.0
2025-04-13 17:39:00,100.0,31.6,55.6,4.0,250000.0,0.0
2025-04-13 17:39:30,100.0,31.6,55.6,4.0,250000.0,0.0
2025-04-13 17:40:00,100.0,31.6,55.6,4.0,250000.0,0.0
2025-04-13 17:40:30,100.0,31.600000000000005,55.86666666666667,30.0,83397.94333333333,0.0
2025-04-13 17:41:00,100.0,31.600000000000005,55.86666666666667,30.0,83397.94333333333,0.0
2025-04-13 17:41:30,100.0,31.600000000000005,55.86666666666667,30.0,83397.94333333333,0.0
2025-04-13 17:42:00,100.0,31.7,56.4,30.0,83394.5,0.0
2025-04-13 17:42:30,100.0,31.7,56.4,30.0,83394.5,0.0
2025-04-13 17:43:00,100.0,31.7,56.4,30.0,83394.5,0.0
2025-04-13 17:43:30,100.0,31.933333333333334,56.43333333333334,30.0,83395.58666666667,0.0
2025-04-13 17:44:00,100.0,31.933333333333334,56.43333333333334,30.0,83395.58666666667,0.0
2025-04-13 17:44:30,100.0,31.933333333333334,56.43333333333334,30.0,83395.58666666667,0.0
2025-04-13 17:45:00,100.0,32.0,56.5,30.0,125019.82,0.0
2025-04-13 17:45:30,100.0,32.0,55.8,30.0,250000.0,0.0
2025-04-13 17:46:00,100.0,32.0,55.8,30.0,250000.0,0.0
2025-04-13 17:46:30,100.0,32.0,55.8,30.0,250000.0,0.0
2025-04-13 17:47:00,100.0,32.1,56.0,30.0,125063.775,0.0
2025-04-13 17:47:30,100.0,32.1,56.0,30.0,125063.775,0.0
2025-04-13 17:48:00,100.0,32.1,56.0,30.0,125063.775,0.0
2025-04-13 17:48:30,100.0,32.2,56.20000000000001,30.0,83391.76666666666,0.0
2025-04-13 17:49:00,100.0,32.2,56.20000000000001,30.0,83391.76666666666,0.0
2025-04-13 17:49:30,100.0,32.2,56.20000000000001,30.0,83391.76666666666,0.0
2025-04-13 17:50:00,100.0,32.4,55.79999999999999,30.0,83400.71,0.0
2025-04-13 17:50:30,100.0,32.4,55.79999999999999,30.0,83400.71,0.0
2025-04-13 17:51:00,100.0,32.4,55.79999999999999,30.0,83400.71,0.0
2025-04-13 17:51:30,100.0,32.4,57.3,17.5,125016.835,0.0
2025-04-13 17:52:00,100.0,32.4,57.3,30.0,138.15,0.0
2025-04-13 17:52:30,100.0,32.4,57.3,30.0,138.15,0.0
2025-04-13 17:53:00,100.0,32.4,57.5,30.0,250000.0,0.0
2025-04-13 17:53:30,100.0,32.4,57.5,30.0,78.065,0.0
2025-04-13 17:54:00,100.0,32.4,57.5,30.0,78.065,0.0
2025-04-13 17:54:30,100.0,32.4,57.5,30.0,78.065,0.0
2025-04-13 17:55:00,100.0,32.2,58.0,30.0,83392.68666666666,0.0
2025-04-13 17:55:30,100.0,32.2,58.0,30.0,83392.68666666666,0.0
2025-04-13 17:56:00,100.0,32.2,58.0,30.0,83392.68666666666,0.0
2025-04-13 17:56:30,100.0,32.2,57.3,17.0,125012.43,0.0
2025-04-13 17:57:00,100.0,32.2,57.3,17.0,125012.43,0.0
2025-04-13 17:57:30,100.0,32.2,57.3,17.0,125012.43,0.0
2025-04-13 17:58:00,100.0,32.0,57.4,30.0,250000.0,0.0
2025-04-13 17:58:30,100.0,32.0,57.4,30.0,79.635,0.0
2025-04-13 17:59:00,100.0,32.0,57.4,30.0,79.635,0.0
2025-04-13 17:59:30,100.0,32.0,58.0,30.0,250000.0,0.0
2025-04-13 18:00:00,100.0,32.0,58.0,30.0,80.71000000000001,0.0
2025-04-13 18:00:30,100.0,32.0,58.0,30.0,80.71000000000001,0.0
2025-04-13 18:01:00,100.0,32.2,57.6,30.0,250000.0,0.0
2025-04-13 18:01:30,100.0,32.2,57.6,30.0,75.4,0.0
2025-04-13 18:02:00,100.0,32.2,57.6,30.0,75.4,0.0
2025-04-13 18:02:30,100.0,32.2,57.6,30.0,75.4,0.0
2025-04-13 18:03:00,100.0,32.3,59.0,30.0,83385.62333333334,0.0
2025-04-13 18:03:30,100.0,32.3,59.0,30.0,83385.62333333334,0.0
2025-04-13 18:04:00,100.0,32.3,59.0,30.0,83385.62333333334,0.0
2025-04-13 18:04:30,100.0,32.4,58.7,30.0,250000.0,0.0
2025-04-13 18:05:00,100.0,32.4,58.7,30.0,70.08500000000001,0.0
2025-04-13 18:05:30,100.0,32.4,58.7,30.0,70.08500000000001,0.0
2025-04-13 18:06:00,100.0,32.4,58.5,30.0,250000.0,0.0
2025-04-13 18:06:30,100.0,32.4,58.5,30.0,83.78,0.0
2025-04-13 18:07:00,100.0,32.4,58.5,30.0,83.78,0.0
2025-04-13 18:07:30,100.0,32.5,57.2,30.0,250000.0,0.0
2025-04-13 18:08:00,100.0,32.5,57.2,30.0,82.95,0.0
2025-04-13 18:08:30,100.0,32.5,57.2,30.0,82.95,0.0
2025-04-13 18:09:00,100.0,32.3,58.0,30.0,250000.0,0.0
2025-04-13 18:09:30,100.0,32.3,58.0,30.0,71.15,0.0
2025-04-13 18:10:00,100.0,32.3,58.0,30.0,71.15,0.0
2025-04-13 18:10:30,100.0,32.3,58.0,30.0,71.15,0.0
2025-04-13 18:11:00,100.0,32.6,57.7,30.0,250000.0,0.0
2025-04-13 18:11:30,100.0,32.6,57.7,30.0,73.81,0.0
2025-04-13 18:12:00,100.0,32.6,57.7,30.0,73.81,0.0
2025-04-13 18:12:30,100.0,32.7,56.7,30.0,250000.0,0.0
2025-04-13 18:13:00,100.0,32.7,56.7,30.0,47.84,0.0
2025-04-13 18:13:30,100.0,32.7,56.7,30.0,47.84,0.0
2025-04-13 18:14:00,100.0,32.6,56.6,30.0,250000.0,0.0
2025-04-13 18:14:30,100.0,32.6,56.6,30.0,56.95,0.0
2025-04-13 18:15:00,100.0,32.6,56.6,30.0,56.95,0.0
2025-04-13 18:15:30,100.0,32.8,57.0,30.0,250000.0,0.0
2025-04-13 18:16:00,100.0,32.8,57.0,30.0,113.25,0.0
2025-04-13 18:16:30,100.0,32.8,57.0,30.0,35.77,0.0
2025-04-13 18:17:00,100.0,32.9,56.1,30.0,250000.0,0.0
2025-04-13 18:17:30,100.0,32.9,56.1,30.0,250000.0,0.0
2025-04-13 18:18:00,100.0,32.9,56.1,30.0,83.975,0.0
2025-04-13 18:18:30,100.0,33.0,57.3,4.0,250000.0,0.0
2025-04-13 18:19:00,100.0,33.0,57.3,4.0,250000.0,0.0
2025-04-13 18:19:30,100.0,33.0,57.3,30.0,66.63,0.0
2025-04-13 18:20:00,100.0,33.1,57.0,30.0,250000.0,0.0
2025-04-13 18:20:30,100.0,33.1,57.0,30.0,250000.0,0.0
2025-04-13 18:21:00,100.0,33.1,57.0,30.0,77.575,0.0
2025-04-13 18:21:30,100.0,33.1,57.0,30.0,77.575,0.0
2025-04-13 18:22:00,100.0,32.9,55.3,30.0,250000.0,0.0
2025-04-13 18:22:30,100.0,32.9,55.3,30.0,250000.0,0.0
2025-04-13 18:23:00,100.0,32.9,55.3,30.0,238.845,0.0
2025-04-13 18:23:30,100.0,33.0,55.9,30.0,250000.0,0.0
2025-04-13 18:24:00,100.0,33.0,55.9,30.0,250000.0,0.0
2025-04-13 18:24:30,100.0,33.0,55.9,30.0,422.90000000000003,0.0
2025-04-13 18:25:00,100.0,32.9,56.3,30.0,250000.0,0.0
2025-04-13 18:25:30,100.0,32.9,56.3,30.0,250000.0,0.0
2025-04-13 18:26:00,100.0,32.9,56.3,30.0,47.335,0.0
2025-04-13 18:26:30,100.0,33.1,55.4,30.0,250000.0,0.0
2025-04-13 18:27:00,100.0,33.1,55.4,30.0,250000.0,0.0
2025-04-13 18:27:30,100.0,33.1,55.4,30.0,64.88,0.0
2025-04-13 18:28:00,100.0,33.2,56.0,30.0,250000.0,0.0
2025-04-13 18:28:30,100.0,33.2,56.0,30.0,250000.0,0.0
2025-04-13 18:29:00,100.0,33.2,56.0,30.0,250000.0,0.0
2025-04-13 18:29:30,100.0,33.166666666666664,56.43333333333334,30.0,83367.92666666667,0.0
2025-04-13 18:30:00,100.0,33.166666666666664,56.43333333333334,30.0,83367.92666666667,0.0
2025-04-13 18:30:30,100.0,33.166666666666664,56.43333333333334,30.0,83367.92666666667,0.0
2025-04-13 18:31:00,100.0,33.1,57.3,30.0,61.07,0.0
2025-04-13 18:31:30,100.0,33.3,55.6,30.0,250000.0,0.0
2025-04-13 18:32:00,100.0,33.3,55.6,30.0,250000.0,0.0
2025-04-13 18:32:30,100.0,33.3,55.6,30.0,25.270000000000003,0.0
2025-04-13 18:33:00,100.0,33.5,54.8,30.0,250000.0,0.0
2025-04-13 18:33:30,100.0,33.5,54.8,30.0,250000.0,0.0
2025-04-13 18:34:00,100.0,33.5,54.8,30.0,96.13,0.0
2025-04-13 18:34:30,100.0,33.4,55.25,30.0,125017.655,0.0
2025-04-13 18:35:00,100.0,33.4,55.25,30.0,125017.655,0.0
2025-04-13 18:35:30,100.0,33.4,55.25,30.0,125017.655,0.0
2025-04-13 18:36:00,100.0,33.3,55.366666666666674,30.0,83388.82333333333,0.0
2025-04-13 18:36:30,100.0,33.3,55.366666666666674,30.0,83388.82333333333,0.0
2025-04-13 18:37:00,100.0,33.3,55.366666666666674,30.0,83388.82333333333,0.0
2025-04-13 18:37:30,100.0,33.333333333333336,55.0,30.0,83376.31666666667,0.0
2025-04-13 18:38:00,100.0,33.333333333333336,55.0,30.0,83376.31666666667,0.0
2025-04-13 18:38:30,100.0,33.333333333333336,55.0,30.0,83376.31666666667,0.0
2025-04-13 18:39:00,100.0,33.36666666666667,55.93333333333334,30.0,83380.52333333333,0.0
2025-04-13 18:39:30,100.0,33.36666666666667,55.93333333333334,30.0,83380.52333333333,0.0
2025-04-13 18:40:00,100.0,33.36666666666667,55.93333333333334,30.0,83380.52333333333,0.0
2025-04-13 18:40:30,100.0,33.3,56.6,30.0,93.26,0.0
2025-04-13 18:41:00,100.0,33.4,54.1,30.0,125036.555,0.0
2025-04-13 18:41:30,100.0,33.4,54.1,30.0,125036.555,0.0
2025-04-13 18:42:00,100.0,33.4,54.1,30.0,125036.555,0.0
2025-04-13 18:42:30,100.0,33.333333333333336,54.76666666666667,30.0,83377.77333333333,0.0
2025-04-13 18:43:00,100.0,33.333333333333336,54.76666666666667,30.0,83377.77333333333,0.0
2025-04-13 18:43:30,100.0,33.333333333333336,54.76666666666667,30.0,83377.77333333333,0.0
2025-04-13 18:44:00,100.0,33.4,55.79999999999999,30.0,83364.26333333334,0.0
2025-04-13 18:44:30,100.0,33.4,55.79999999999999,30.0,83364.26333333334,0.0
2025-04-13 18:45:00,100.0,33.4,55.79999999999999,30.0,83364.26333333334,0.0
2025-04-13 18:45:30,100.0,34.2,52.29999999999999,30.0,83373.79666666668,0.0
2025-04-13 18:46:00,100.0,34.2,52.29999999999999,30.0,83373.79666666668,0.0
2025-04-13 18:46:30,100.0,34.2,52.29999999999999,30.0,83373.79666666668,0.0
2025-04-13 18:47:00,100.0,35.6,48.5,30.0,250000.0,0.0
2025-04-13 18:47:30,100.0,35.6,48.5,30.0,61.965,0.0
2025-04-13 18:48:00,100.0,35.6,48.5,30.0,61.965,0.0
2025-04-13 18:48:30,100.0,35.6,48.5,30.0,61.965,0.0
2025-04-13 18:49:00,100.0,36.9,46.20000000000001,30.0,83507.23333333334,0.0
2025-04-13 18:49:30,100.0,36.9,46.20000000000001,30.0,83507.23333333334,0.0
2025-04-13 18:50:00,100.0,36.9,46.20000000000001,30.0,83507.23333333334,0.0
2025-04-13 18:50:30,100.0,36.8,43.0,-263.6666666666667,83375.93000000001,0.0
2025-04-13 18:51:00,100.0,36.8,43.0,-263.6666666666667,83375.93000000001,0.0
2025-04-13 18:51:30,100.0,36.8,43.0,-263.6666666666667,83375.93000000001,0.0
2025-04-13 18:52:00,100.0,37.3,44.4,30.0,125041.385,0.0
2025-04-13 18:52:30,100.0,37.3,44.4,30.0,38.98,0.0
2025-04-13 18:53:00,100.0,37.3,44.4,30.0,38.98,0.0
2025-04-13 18:53:30,100.0,38.3,42.0,30.0,250000.0,0.0
2025-04-13 18:54:00,100.0,38.3,42.0,30.0,52.955,0.0
2025-04-13 18:54:30,100.0,38.3,42.0,30.0,52.955,0.0
2025-04-13 18:55:00,100.0,38.4,40.3,30.0,250000.0,0.0
2025-04-13 18:55:30,100.0,38.4,40.3,30.0,52.275,0.0
2025-04-13 18:56:00,100.0,38.4,40.3,30.0,52.275,0.0
2025-04-13 18:56:30,100.0,37.9,42.7,30.0,250000.0,0.0
2025-04-13 18:57:00,100.0,37.9,42.7,30.0,47.21,0.0
2025-04-13 18:57:30,100.0,37.9,42.7,30.0,47.21,0.0
2025-04-13 18:58:00,100.0,37.9,42.7,30.0,47.21,0.0
2025-04-13 18:58:30,100.0,38.7,41.2,30.0,125037.155,0.0
2025-04-13 18:59:00,100.0,38.7,41.2,30.0,40.59,0.0
2025-04-13 18:59:30,100.0,38.7,41.2,30.0,40.59,0.0
2025-04-13 19:00:00,100.0,38.9,39.6,30.0,250000.0,0.0
2025-04-13 19:00:30,100.0,38.9,39.6,30.0,44.230000000000004,0.0
2025-04-13 19:01:00,100.0,38.9,39.6,30.0,44.230000000000004,0.0
2025-04-13 19:01:30,100.0,38.6,41.4,30.0,250000.0,0.0
2025-04-13 19:02:00,100.0,38.6,41.4,30.0,56.525000000000006,0.0
2025-04-13 19:02:30,100.0,38.6,41.4,30.0,56.525000000000006,0.0
2025-04-13 19:03:00,100.0,38.2,40.7,30.0,250000.0,0.0
2025-04-13 19:03:30,100.0,38.2,40.7,30.0,52.18000000000001,0.0
2025-04-13 19:04:00,100.0,38.2,40.7,30.0,52.18000000000001,0.0
2025-04-13 19:04:30,100.0,38.5,42.5,30.0,250000.0,0.0
2025-04-13 19:05:00,100.0,38.5,42.5,30.0,67.66,0.0
2025-04-13 19:05:30,100.0,38.5,42.5,30.0,40.2,0.0
2025-04-13 19:06:00,100.0,39.1,38.7,30.0,250000.0,0.0
2025-04-13 19:06:30,100.0,39.1,38.7,30.0,250000.0,0.0
2025-04-13 19:07:00,100.0,39.1,38.7,30.0,59.19,0.0
2025-04-13 19:07:30,100.0,39.1,38.7,30.0,59.19,0.0
2025-04-13 19:08:00,100.0,39.4,40.9,30.0,250000.0,0.0
2025-04-13 19:08:30,100.0,39.4,40.9,30.0,60.82,0.0
2025-04-13 19:09:00,100.0,39.4,40.9,30.0,60.82,0.0
2025-04-13 19:09:30,100.0,39.7,37.1,-850.0,250000.0,0.0
2025-04-13 19:10:00,100.0,39.7,37.1,30.0,68.96,0.0
2025-04-13 19:10:30,100.0,39.7,37.1,30.0,26.97,0.0
2025-04-13 19:11:00,100.0,39.1,38.0,30.0,250000.0,0.0
2025-04-13 19:11:30,100.0,39.1,38.0,30.0,250000.0,0.0
2025-04-13 19:12:00,100.0,39.1,38.0,30.0,52.86,0.0
2025-04-13 19:12:30,100.0,38.8,39.4,30.0,250000.0,0.0
2025-04-13 19:13:00,100.0,38.8,39.4,30.0,250000.0,0.0
2025-04-13 19:13:30,100.0,38.8,39.4,30.0,50.144999999999996,0.0
2025-04-13 19:14:00,100.0,38.8,39.4,30.0,50.144999999999996,0.0
2025-04-13 19:14:30,100.0,37.9,40.6,30.0,250000.0,0.0
2025-04-13 19:15:00,100.0,37.9,40.6,30.0,48.68,0.0
2025-04-13 19:15:30,100.0,37.9,40.6,30.0,48.68,0.0
2025-04-13 19:16:00,100.0,37.2,43.3,30.0,250000.0,0.0
2025-04-13 19:16:30,100.0,37.2,43.3,30.0,61.33,0.0
2025-04-13 19:17:00,100.0,37.2,43.3,30.0,37.68,0.0
2025-04-13 19:17:30,100.0,38.1,40.7,30.0,250000.0,0.0
2025-04-13 19:18:00,100.0,38.1,40.7,30.0,250000.0,0.0
2025-04-13 19:18:30,100.0,38.1,40.7,30.0,73.86,0.0
2025-04-13 19:19:00,100.0,38.6,38.9,30.0,250000.0,0.0
2025-04-13 19:19:30,100.0,38.6,38.9,30.0,250000.0,0.0
2025-04-13 19:20:00,100.0,38.6,38.9,30.0,37.38,0.0
2025-04-13 19:20:30,100.0,39.0,40.7,30.0,250000.0,0.0
2025-04-13 19:21:00,100.0,39.0,40.7,30.0,250000.0,0.0
2025-04-13 19:21:30,100.0,39.0,40.7,30.0,47.39,0.0
2025-04-13 19:22:00,100.0,39.6,38.5,30.0,250000.0,0.0
2025-04-13 19:22:30,100.0,39.6,38.5,30.0,250000.0,0.0
2025-04-13 19:23:00,100.0,39.6,38.5,30.0,46.99,0.0
2025-04-13 19:23:30,100.0,39.6,38.5,30.0,68.0,0.0
2025-04-13 19:24:00,100.0,39.5,39.3,30.0,250000.0,0.0
2025-04-13 19:24:30,100.0,39.5,39.3,30.0,250000.0,0.0
2025-04-13 19:25:00,100.0,39.5,39.3,30.0,54.0,0.0
2025-04-13 19:25:30,100.0,39.6,35.7,30.0,250000.0,0.0
2025-04-13 19:26:00,100.0,39.6,35.7,30.0,250000.0,0.0
2025-04-13 19:26:30,100.0,39.6,35.7,30.0,51.41,0.0
2025-04-13 19:27:00,100.0,40.0,38.3,30.0,250000.0,0.0
2025-04-13 19:27:30,100.0,40.0,38.3,30.0,250000.0,0.0
2025-04-13 19:28:00,100.0,40.0,38.3,30.0,39.885,0.0
2025-04-13 19:28:30,100.0,39.4,36.2,30.0,250000.0,0.0
2025-04-13 19:29:00,100.0,39.4,36.2,30.0,250000.0,0.0
2025-04-13 19:29:30,100.0,39.4,36.2,30.0,120.74,0.0
2025-04-13 19:30:00,100.0,39.65,37.0,30.0,125021.45,0.0
2025-04-13 19:30:30,100.0,39.65,37.0,30.0,125021.45,0.0
2025-04-13 19:31:00,100.0,39.65,37.0,30.0,125021.45,0.0
2025-04-13 19:31:30,100.0,39.93333333333333,37.36666666666667,30.0,83362.58666666667,0.0
2025-04-13 19:32:00,100.0,39.93333333333333,37.36666666666667,30.0,83362.58666666667,0.0
2025-04-13 19:32:30,100.0,39.93333333333333,37.36666666666667,30.0,83362.58666666667,0.0
2025-04-13 19:33:00,100.0,40.0,37.53333333333333,30.0,83364.72666666667,0.0
2025-04-13 19:33:30,100.0,40.0,37.53333333333333,30.0,83364.72666666667,0.0
2025-04-13 19:34:00,100.0,40.0,37.53333333333333,30.0,83364.72666666667,0.0
2025-04-13 19:34:30,100.0,40.0,39.6,30.0,52.73,0.0
2025-04-13 19:35:00,100.0,40.05,39.150000000000006,30.0,125019.145,0.0
2025-04-13 19:35:30,100.0,40.05,39.150000000000006,30.0,125019.145,0.0
2025-04-13 19:36:00,100.0,40.05,39.150000000000006,30.0,125019.145,0.0
2025-04-13 19:36:30,100.0,39.96666666666667,37.9,30.0,83363.03333333334,0.0
2025-04-13 19:37:00,100.0,39.96666666666667,37.9,30.0,83363.03333333334,0.0
2025-04-13 19:37:30,100.0,39.96666666666667,37.9,30.0,83363.03333333334,0.0
2025-04-13 19:38:00,100.0,39.833333333333336,38.03333333333333,30.0,83364.51666666668,0.0
2025-04-13 19:38:30,100.0,39.833333333333336,38.03333333333333,30.0,83364.51666666668,0.0
2025-04-13 19:39:00,100.0,39.833333333333336,38.03333333333333,30.0,83364.51666666668,0.0
2025-04-13 19:39:30,100.0,39.93333333333333,36.833333333333336,30.0,83365.09333333334,0.0
2025-04-13 19:40:00,100.0,39.93333333333333,36.833333333333336,30.0,83365.09333333334,0.0
2025-04-13 19:40:30,100.0,39.93333333333333,36.833333333333336,30.0,83365.09333333334,0.0
2025-04-13 19:41:00,100.0,40.0,36.75,30.0,125032.705,0.0
2025-04-13 19:41:30,100.0,40.0,37.4,30.0,44.83,0.0
2025-04-13 19:42:00,100.0,40.0,37.4,30.0,44.83,0.0
2025-04-13 19:42:30,100.0,40.0,37.4,30.0,44.83,0.0
2025-04-13 19:43:00,100.0,40.2,35.9,30.0,125019.145,0.0
2025-04-13 19:43:30,100.0,40.2,35.9,30.0,125019.145,0.0
2025-04-13 19:44:00,100.0,40.2,35.9,30.0,125019.145,0.0
2025-04-13 19:44:30,100.0,40.5,37.6,30.0,83362.79666666668,0.0
2025-04-13 19:45:00,100.0,40.5,37.6,30.0,83362.79666666668,0.0
2025-04-13 19:45:30,100.0,40.5,37.6,30.0,83362.79666666668,0.0
2025-04-13 19:46:00,100.0,40.6,37.9,30.0,83365.89333333333,0.0
2025-04-13 19:46:30,100.0,40.6,37.9,30.0,83365.89333333333,0.0
2025-04-13 19:47:00,100.0,40.6,37.9,30.0,83365.89333333333,0.0
2025-04-13 19:47:30,100.0,40.4,35.9,30.0,125038.385,0.0
2025-04-13 19:48:00,100.0,40.4,35.9,30.0,42.1,0.0
2025-04-13 19:48:30,100.0,40.4,35.9,30.0,42.1,0.0
2025-04-13 19:49:00,100.0,40.7,35.6,30.0,250000.0,0.0
2025-04-13 19:49:30,100.0,40.7,35.6,30.0,55.875,0.0
2025-04-13 19:50:00,100.0,40.7,35.6,30.0,55.875,0.0
2025-04-13 19:50:30,100.0,40.7,35.6,30.0,55.875,0.0
2025-04-13 19:51:00,100.0,40.2,37.0,30.0,83375.58666666667,0.0
2025-04-13 19:51:30,100.0,40.2,37.0,30.0,83375.58666666667,0.0
2025-04-13 19:52:00,100.0,40.2,37.0,30.0,83375.58666666667,0.0
2025-04-13 19:52:30,100.0,40.1,35.2,-411.0,125021.05,0.0
2025-04-13 19:53:00,100.0,40.1,35.2,30.0,29.27,0.0
2025-04-13 19:53:30,100.0,40.1,35.2,30.0,29.27,0.0
2025-04-13 19:54:00,100.0,40.6,36.5,30.0,125024.985,0.0
2025-04-13 19:54:30,100.0,40.6,36.5,30.0,42.56,0.0
2025-04-13 19:55:00,100.0,40.6,36.5,30.0,42.56,0.0
2025-04-13 19:55:30,100.0,38.8,37.9,30.0,250000.0,0.0
2025-04-13 19:56:00,100.0,38.8,37.9,30.0,45.455,0.0
2025-04-13 19:56:30,100.0,38.8,37.9,30.0,45.455,0.0
2025-04-13 19:57:00,100.0,37.4,40.2,30.0,250000.0,0.0
2025-04-13 19:57:30,100.0,37.4,40.2,30.0,44.9,0.0
2025-04-13 19:58:00,100.0,37.4,40.2,30.0,44.9,0.0
2025-04-13 19:58:30,100.0,37.4,40.2,30.0,44.9,0.0
2025-04-13 19:59:00,100.0,38.0,39.7,-409.5,125036.08,0.0
2025-04-13 19:59:30,100.0,38.0,39.7,30.0,43.15,0.0
2025-04-13 20:00:00,100.0,38.0,39.7,30.0,43.15,0.0
2025-04-13 20:00:30,100.0,37.1,41.2,30.0,250000.0,0.0
2025-04-13 20:01:00,100.0,37.1,41.2,30.0,52.35,0.0
2025-04-13 20:01:30,100.0,37.1,41.2,30.0,52.35,0.0
2025-04-13 20:02:00,100.0,37.4,40.9,30.0,250000.0,0.0
2025-04-13 20:02:30,100.0,37.4,40.9,30.0,33.885000000000005,0.0
2025-04-13 20:03:00,100.0,37.4,40.9,30.0,33.885000000000005,0.0
2025-04-13 20:03:30,100.0,38.0,40.7,30.0,250000.0,0.0
2025-04-13 20:04:00,100.0,38.0,40.7,30.0,46.895,0.0
2025-04-13 20:04:30,100.0,38.0,40.7,30.0,46.895,0.0
2025-04-13 20:05:00,100.0,38.4,37.1,30.0,250000.0,0.0
2025-04-13 20:05:30,100.0,38.4,37.1,30.0,25.58,0.0
2025-04-13 20:06:00,100.0,38.4,37.1,30.0,41.48,0.0
2025-04-13 20:06:30,100.0,38.4,37.1,30.0,41.48,0.0
2025-04-13 20:07:00,100.0,37.8,39.7,30.0,250000.0,0.0
2025-04-13 20:07:30,100.0,37.8,39.7,30.0,48.39,0.0
2025-04-13 20:08:00,100.0,37.8,39.7,30.0,48.39,0.0
2025-04-13 20:08:30,100.0,37.6,39.0,30.0,250000.0,0.0
2025-04-13 20:09:00,100.0,37.6,39.0,30.0,29.735,0.0
2025-04-13 20:09:30,100.0,37.6,39.0,30.0,29.735,0.0
2025-04-13 20:10:00,100.0,37.8,39.7,-851.0,250000.0,0.0
2025-04-13 20:10:30,100.0,37.8,39.7,30.0,40.71,0.0
2025-04-13 20:11:00,100.0,37.8,39.7,30.0,49.24,0.0
2025-04-13 20:11:30,100.0,38.1,39.3,30.0,250000.0,0.0
2025-04-13 20:12:00,100.0,38.1,39.3,30.0,51.61,0.0
2025-04-13 20:12:30,100.0,38.1,39.3,30.0,54.94,0.0
2025-04-13 20:13:00,100.0,37.8,39.0,30.0,250000.0,0.0
2025-04-13 20:13:30,100.0,37.8,39.0,30.0,250000.0,0.0
2025-04-13 20:14:00,100.0,37.8,39.0,30.0,35.025,0.0
2025-04-13 20:14:30,100.0,37.8,39.0,30.0,35.025,0.0
2025-04-13 20:15:00,100.0,38.0,40.7,30.0,250000.0,0.0
2025-04-13 20:15:30,100.0,38.0,40.7,30.0,46.215,0.0
2025-04-13 20:16:00,100.0,38.0,40.7,30.0,46.215,0.0
2025-04-13 20:16:30,100.0,37.6,39.1,30.0,250000.0,0.0
2025-04-13 20:17:00,100.0,37.6,39.1,30.0,41.4,0.0
2025-04-13 20:17:30,100.0,37.6,39.1,30.0,42.39,0.0
2025-04-13 20:18:00,100.0,37.1,40.5,-853.0,250000.0,0.0
2025-04-13 20:18:30,100.0,37.1,40.5,30.0,62.99,0.0
2025-04-13 20:19:00,100.0,37.1,40.5,30.0,41.36,0.0
2025-04-13 20:19:30,100.0,37.3,41.1,30.0,250000.0,0.0
2025-04-13 20:20:00,100.0,37.3,41.1,30.0,250000.0,0.0
2025-04-13 20:20:30,100.0,37.3,41.1,30.0,37.254999999999995,0.0
2025-04-13 20:21:00,100.0,38.7,36.9,30.0,250000.0,0.0
2025-04-13 20:21:30,100.0,38.7,36.9,30.0,250000.0,0.0
2025-04-13 20:22:00,100.0,38.7,36.9,30.0,42.6,0.0
2025-04-13 20:22:30,100.0,38.7,36.9,30.0,40.16,0.0
2025-04-13 20:23:00,100.0,38.4,37.3,30.0,250000.0,0.0
2025-04-13 20:23:30,100.0,38.4,37.3,30.0,46.85,0.0
2025-04-13 20:24:00,100.0,38.4,37.3,30.0,41.9,0.0
2025-04-13 20:24:30,100.0,39.2,37.8,30.0,250000.0,0.0
2025-04-13 20:25:00,100.0,39.2,37.8,30.0,250000.0,0.0
2025-04-13 20:25:30,100.0,39.2,37.8,30.0,34.05,0.0
2025-04-13 20:26:00,100.0,40.2,34.0,30.0,250000.0,0.0
2025-04-13 20:26:30,100.0,40.2,34.0,30.0,250000.0,0.0
2025-04-13 20:27:00,100.0,40.2,34.0,30.0,38.03,0.0
2025-04-13 20:27:30,100.0,40.4,33.7,-851.0,250000.0,0.0
2025-04-13 20:28:00,100.0,40.4,33.7,-851.0,250000.0,0.0
2025-04-13 20:28:30,100.0,40.4,33.7,30.0,67.66,0.0
2025-04-13 20:29:00,100.0,40.349999999999994,33.650000000000006,30.0,125020.7,0.0
2025-04-13 20:29:30,100.0,40.349999999999994,33.650000000000006,30.0,125020.7,0.0
2025-04-13 20:30:00,100.0,40.3,33.6,30.0,47.73,0.0
2025-04-13 20:30:30,100.0,40.3,33.6,30.0,48.81,0.0
2025-04-13 20:31:00,100.0,39.9,34.2,30.0,250000.0,0.0
2025-04-13 20:31:30,100.0,39.9,34.2,30.0,250000.0,0.0
2025-04-13 20:32:00,100.0,39.9,34.2,30.0,64.06,0.0
2025-04-13 20:32:30,100.0,40.0,33.0,30.0,250000.0,0.0
2025-04-13 20:33:00,100.0,40.0,33.0,30.0,250000.0,0.0
2025-04-13 20:33:30,100.0,40.0,33.0,30.0,42.165000000000006,0.0
2025-04-13 20:34:00,100.0,40.7,33.2,30.0,250000.0,0.0
2025-04-13 20:34:30,100.0,40.7,33.2,30.0,250000.0,0.0
2025-04-13 20:35:00,100.0,40.7,33.2,30.0,41.98,0.0
2025-04-13 20:35:30,100.0,40.7,33.3,30.0,125023.885,0.0
2025-04-13 20:36:00,100.0,40.7,33.3,30.0,125023.885,0.0
2025-04-13 20:36:30,100.0,40.7,33.4,30.0,46.39,0.0
2025-04-13 20:37:00,100.0,40.7,33.4,30.0,61.57,0.0
2025-04-13 20:37:30,100.0,40.4,35.1,30.0,250000.0,0.0
2025-04-13 20:38:00,100.0,40.4,35.1,30.0,250000.0,0.0
2025-04-13 20:38:30,100.0,40.4,35.1,30.0,65.565,0.0
2025-04-13 20:39:00,100.0,40.7,34.2,30.0,250000.0,0.0
2025-04-13 20:39:30,100.0,40.7,34.2,30.0,250000.0,0.0
2025-04-13 20:40:00,100.0,40.7,34.2,30.0,20.53,0.0
2025-04-13 20:40:30,100.0,40.7,35.0,30.0,125032.155,0.0
2025-04-13 20:41:00,100.0,40.7,35.0,30.0,125032.155,0.0
2025-04-13 20:41:30,100.0,40.7,35.8,30.0,43.45,0.0
2025-04-13 20:42:00,100.0,40.8,35.0,-409.5,125026.21,0.0
2025-04-13 20:42:30,100.0,40.8,35.0,-409.5,125026.21,0.0
2025-04-13 20:43:00,100.0,40.9,34.2,30.0,42.9,0.0
2025-04-13 20:43:30,100.0,40.599999999999994,33.900000000000006,30.0,125026.545,0.0
2025-04-13 20:44:00,100.0,40.599999999999994,33.900000000000006,30.0,125026.545,0.0
2025-04-13 20:44:30,100.0,40.599999999999994,33.900000000000006,30.0,125026.545,0.0
2025-04-13 20:45:00,100.0,40.3,33.6,30.0,52.95,0.0
2025-04-13 20:45:30,100.0,40.5,33.5,30.0,250000.0,0.0
2025-04-13 20:46:00,100.0,40.5,33.5,30.0,250000.0,0.0
2025-04-13 20:46:30,100.0,40.5,33.5,30.0,23.25,0.0
2025-04-13 20:47:00,100.0,40.55,33.9,-410.5,125029.86,0.0
2025-04-13 20:47:30,100.0,40.55,33.9,-410.5,125029.86,0.0
2025-04-13 20:48:00,100.0,40.6,34.3,30.0,49.24,0.0
2025-04-13 20:48:30,100.0,40.8,33.349999999999994,30.0,125033.43,0.0
2025-04-13 20:49:00,100.0,40.8,33.349999999999994,30.0,125033.43,0.0
2025-04-13 20:49:30,100.0,40.8,33.349999999999994,30.0,125033.43,0.0
2025-04-13 20:50:00,100.0,40.666666666666664,33.4,30.0,83372.13,0.0
2025-04-13 20:50:30,100.0,40.666666666666664,33.4,30.0,83372.13,0.0
2025-04-13 20:51:00,100.0,40.666666666666664,33.4,30.0,83372.13,0.0
2025-04-13 20:51:30,100.0,39.93333333333333,35.333333333333336,30.0,83372.19333333333,0.0
2025-04-13 20:52:00,100.0,39.93333333333333,35.333333333333336,30.0,83372.19333333333,0.0
2025-04-13 20:52:30,100.0,39.93333333333333,35.333333333333336,30.0,83372.19333333333,0.0
2025-04-13 20:53:00,100.0,39.9,35.3,30.0,46.39,0.0
2025-04-13 20:53:30,100.0,38.4,38.2,30.0,125038.5,0.0
2025-04-13 20:54:00,100.0,38.4,38.2,30.0,125038.5,0.0
2025-04-13 20:54:30,100.0,38.4,38.2,30.0,46.35,0.0
2025-04-13 20:55:00,100.0,38.6,37.8,30.0,125039.3,0.0
2025-04-13 20:55:30,100.0,38.6,37.8,30.0,125039.3,0.0
2025-04-13 20:56:00,100.0,38.6,37.8,30.0,125039.3,0.0
2025-04-13 20:56:30,100.0,38.73333333333333,37.8,-263.3333333333333,83377.36666666667,0.0
2025-04-13 20:57:00,100.0,38.73333333333333,37.8,-263.3333333333333,83377.36666666667,0.0
2025-04-13 20:57:30,100.0,38.73333333333333,37.8,-263.3333333333333,83377.36666666667,0.0
2025-04-13 20:58:00,100.0,39.099999999999994,38.0,30.0,125018.05,0.0
2025-04-13 20:58:30,100.0,39.4,38.2,30.0,77.08,0.0
2025-04-13 20:59:00,100.0,39.4,38.2,30.0,77.08,0.0
2025-04-13 20:59:30,100.0,39.4,38.2,30.0,61.27,0.0
2025-04-13 21:00:00,100.0,39.5,36.1,30.0,125037.115,0.0
2025-04-13 21:00:30,100.0,39.5,36.1,30.0,125037.115,0.0
2025-04-13 21:01:00,100.0,39.5,36.1,30.0,43.15,0.0
2025-04-13 21:01:30,100.0,39.0,36.5,30.0,125044.59,0.0
2025-04-13 21:02:00,100.0,39.0,36.5,30.0,125044.59,0.0
2025-04-13 21:02:30,100.0,39.0,36.5,30.0,125044.59,0.0
2025-04-13 21:03:00,100.0,38.93333333333333,36.699999999999996,30.0,83387.56,0.0
2025-04-13 21:03:30,100.0,38.93333333333333,36.699999999999996,30.0,83387.56,0.0
2025-04-13 21:04:00,100.0,38.93333333333333,36.699999999999996,30.0,83387.56,0.0
2025-04-13 21:04:30,100.0,38.8,37.25,30.0,125022.175,0.0
2025-04-13 21:05:00,100.0,38.7,37.7,30.0,132.78,0.0
2025-04-13 21:05:30,100.0,38.7,37.7,30.0,132.78,0.0
2025-04-13 21:06:00,100.0,38.7,37.7,30.0,33.71,0.0
2025-04-13 21:06:30,100.0,38.9,36.1,30.0,125072.295,0.0
2025-04-13 21:07:00,100.0,38.9,36.1,30.0,125072.295,0.0
2025-04-13 21:07:30,100.0,38.9,36.1,30.0,111.45,0.0
2025-04-13 21:08:00,100.0,39.7,35.4,30.0,125060.87,0.0
2025-04-13 21:08:30,100.0,39.7,35.4,30.0,125060.87,0.0
2025-04-13 21:09:00,100.0,39.7,35.4,30.0,125060.87,0.0
2025-04-13 21:09:30,100.0,39.96666666666667,35.93333333333334,30.0,83392.21333333333,0.0
2025-04-13 21:10:00,100.0,39.96666666666667,35.93333333333334,30.0,83392.21333333333,0.0
2025-04-13 21:10:30,100.0,39.96666666666667,35.93333333333334,30.0,83392.21333333333,0.0
2025-04-13 21:11:00,100.0,39.35,36.1,30.0,125022.725,0.0
2025-04-13 21:11:30,100.0,38.6,36.0,30.0,112.09,0.0
2025-04-13 21:12:00,100.0,38.6,36.0,30.0,112.09,0.0
2025-04-13 21:12:30,100.0,38.6,36.0,30.0,29.51,0.0
2025-04-13 21:13:00,100.0,37.9,37.8,30.0,125059.175,0.0
2025-04-13 21:13:30,100.0,37.9,37.8,30.0,125059.175,0.0
2025-04-13 21:14:00,100.0,37.9,37.8,30.0,125059.175,0.0
2025-04-13 21:14:30,100.0,38.03333333333333,37.666666666666664,30.0,83393.57333333333,0.0
2025-04-13 21:15:00,100.0,38.03333333333333,37.666666666666664,30.0,83393.57333333333,0.0
2025-04-13 21:15:30,100.0,38.03333333333333,37.666666666666664,30.0,83393.57333333333,0.0
2025-04-13 21:16:00,100.0,38.05,37.75,30.0,125022.815,0.0
2025-04-13 21:16:30,100.0,38.0,37.9,30.0,132.29,0.0
2025-04-13 21:17:00,100.0,38.0,37.9,30.0,132.29,0.0
2025-04-13 21:17:30,100.0,38.15,38.05,30.0,125022.55,0.0
2025-04-13 21:18:00,100.0,38.3,38.2,30.0,86.49,0.0
2025-04-13 21:18:30,100.0,38.3,38.2,30.0,86.49,0.0
2025-04-13 21:19:00,100.0,38.3,38.2,30.0,43.88,0.0
2025-04-13 21:19:30,100.0,39.4,35.8,30.0,125067.21,0.0
2025-04-13 21:20:00,100.0,39.4,35.8,30.0,125067.21,0.0
2025-04-13 21:20:30,100.0,39.4,35.8,30.0,125067.21,0.0
2025-04-13 21:21:00,100.0,39.333333333333336,35.4,30.0,83502.09333333334,0.0
2025-04-13 21:21:30,100.0,39.333333333333336,35.4,30.0,83502.09333333334,0.0
2025-04-13 21:22:00,100.0,39.333333333333336,35.4,30.0,83502.09333333334,0.0
2025-04-13 21:22:30,100.0,39.25,35.400000000000006,30.0,125023.195,0.0
2025-04-13 21:23:00,100.0,39.2,35.6,30.0,154.7,0.0
2025-04-13 21:23:30,100.0,39.2,35.6,30.0,154.7,0.0
2025-04-13 21:24:00,100.0,38.900000000000006,35.900000000000006,30.0,125021.725,0.0
2025-04-13 21:24:30,100.0,38.6,36.2,30.0,484.13,0.0
2025-04-13 21:25:00,100.0,38.6,36.2,30.0,484.13,0.0
2025-04-13 21:25:30,100.0,38.5,36.25,30.0,125022.065,0.0
2025-04-13 21:26:00,100.0,38.4,36.3,30.0,223.26,0.0
2025-04-13 21:26:30,100.0,38.4,36.3,30.0,223.26,0.0
2025-04-13 21:27:00,100.0,38.4,36.3,30.0,223.26,0.0
2025-04-13 21:27:30,100.0,37.9,38.2,30.0,125019.125,0.0
2025-04-13 21:28:00,100.0,37.9,38.2,30.0,172.49,0.0
2025-04-13 21:28:30,100.0,37.9,38.2,30.0,172.49,0.0
2025-04-13 21:29:00,100.0,37.7,38.8,30.0,125022.905,0.0
2025-04-13 21:29:30,100.0,37.7,38.8,30.0,452.66,0.0
2025-04-13 21:30:00,100.0,37.7,38.8,30.0,452.66,0.0
2025-04-13 21:30:30,100.0,37.6,39.8,30.0,125020.1,0.0
2025-04-13 21:31:00,100.0,37.6,39.8,30.0,253.21,0.0
2025-04-13 21:31:30,100.0,37.6,39.8,30.0,253.21,0.0
2025-04-13 21:32:00,100.0,37.7,38.2,30.0,125023.47,0.0
2025-04-13 21:32:30,100.0,37.7,38.2,30.0,299.82,0.0
2025-04-13 21:33:00,100.0,37.7,38.2,30.0,299.82,0.0
2025-04-13 21:33:30,100.0,37.7,38.2,30.0,299.82,0.0
2025-04-13 21:34:00,100.0,37.3,39.7,-410.5,125025.455,0.0
2025-04-13 21:34:30,100.0,37.3,39.7,30.0,378.06,0.0
2025-04-13 21:35:00,100.0,37.3,39.7,30.0,378.06,0.0
2025-04-13 21:35:30,100.0,37.4,39.8,30.0,125022.045,0.0
2025-04-13 21:36:00,100.0,37.4,39.8,30.0,402.66,0.0
2025-04-13 21:36:30,100.0,37.4,39.8,30.0,402.66,0.0
2025-04-13 21:37:00,100.0,37.7,39.3,30.0,125014.635,0.0
2025-04-13 21:37:30,100.0,37.7,39.3,30.0,471.88,0.0
2025-04-13 21:38:00,100.0,37.7,39.3,30.0,471.88,0.0
2025-04-13 21:38:30,100.0,38.2,38.7,30.0,250000.0,0.0
2025-04-13 21:39:00,100.0,38.2,38.7,30.0,352.19,0.0
2025-04-13 21:39:30,100.0,38.2,38.7,30.0,352.19,0.0
2025-04-13 21:40:00,100.0,38.2,38.7,30.0,352.19,0.0
2025-04-13 21:40:30,100.0,38.3,37.6,30.0,125025.63,0.0
2025-04-13 21:41:00,100.0,38.3,37.6,30.0,589.15,0.0
2025-04-13 21:41:30,100.0,38.3,37.6,30.0,589.15,0.0
2025-04-13 21:42:00,100.0,37.7,37.5,30.0,125020.865,0.0
2025-04-13 21:42:30,100.0,37.7,37.5,30.0,1267.74,0.0
2025-04-13 21:43:00,100.0,37.7,37.5,30.0,1267.74,0.0
2025-04-13 21:43:30,100.0,37.5,38.5,30.0,125017.095,0.0
2025-04-13 21:44:00,100.0,37.5,38.5,30.0,2528.92,0.0
2025-04-13 21:44:30,100.0,37.5,38.5,30.0,2528.92,0.0
2025-04-13 21:45:00,100.0,37.5,38.5,30.0,2528.92,0.0
2025-04-13 21:45:30,100.0,37.4,39.0,30.0,125020.54,0.0
2025-04-13 21:46:00,100.0,37.4,39.0,30.0,1949.72,0.0
2025-04-13 21:46:30,100.0,37.4,39.0,30.0,1949.72,0.0
2025-04-13 21:47:00,100.0,37.2,38.9,30.0,125017.095,0.0
2025-04-13 21:47:30,100.0,37.2,38.9,30.0,2630.16,0.0
2025-04-13 21:48:00,100.0,37.2,38.9,30.0,2630.16,0.0
2025-04-13 21:48:30,100.0,37.4,38.8,30.0,125013.515,0.0
2025-04-13 21:49:00,100.0,37.4,38.8,30.0,250000.0,0.0
2025-04-13 21:49:30,100.0,37.4,38.8,30.0,250000.0,0.0
2025-04-13 21:50:00,100.0,37.8,39.4,30.0,125019.82,0.0
2025-04-13 21:50:30,100.0,37.8,39.4,30.0,24302.21,0.0
2025-04-13 21:51:00,100.0,37.8,39.4,30.0,24302.21,0.0
2025-04-13 21:51:30,100.0,38.0,39.2,30.0,250000.0,0.0
2025-04-13 21:52:00,100.0,38.0,39.2,30.0,49.15,0.0
2025-04-13 21:52:30,100.0,38.0,39.2,30.0,250000.0,0.0
2025-04-13 21:53:00,100.0,38.0,39.2,30.0,250000.0,0.0
2025-04-13 21:53:30,100.0,37.3,38.3,30.0,125019.94,0.0
2025-04-13 21:54:00,100.0,37.3,38.3,30.0,250000.0,0.0
2025-04-13 21:54:30,100.0,37.3,38.3,30.0,250000.0,0.0
2025-04-13 21:55:00,100.0,37.1,38.8,30.0,125021.51,0.0
2025-04-13 21:55:30,100.0,37.1,38.8,30.0,250000.0,0.0
2025-04-13 21:56:00,100.0,37.1,38.8,30.0,250000.0,0.0
2025-04-13 21:56:30,100.0,37.1,39.5,30.0,125022.13,0.0
2025-04-13 21:57:00,100.0,37.1,39.5,30.0,250000.0,0.0
2025-04-13 21:57:30,100.0,37.1,39.5,30.0,250000.0,0.0
2025-04-13 21:58:00,100.0,37.1,39.5,30.0,250000.0,0.0
2025-04-13 21:58:30,100.0,36.9,39.7,30.0,125022.77,0.0
2025-04-13 21:59:00,100.0,36.9,39.7,30.0,250000.0,0.0
2025-04-13 21:59:30,100.0,36.9,39.7,30.0,250000.0,0.0
2025-04-13 22:00:00,100.0,36.9,38.8,30.0,125020.845,0.0
2025-04-13 22:00:30,100.0,36.9,38.8,30.0,250000.0,0.0
2025-04-13 22:01:00,100.0,36.9,38.8,30.0,250000.0,0.0
2025-04-13 22:01:30,100.0,36.6,40.7,30.0,125014.345,0.0
2025-04-13 22:02:00,100.0,36.6,40.7,30.0,250000.0,0.0
2025-04-13 22:02:30,100.0,36.6,40.7,30.0,250000.0,0.0
2025-04-13 22:03:00,100.0,36.7,41.8,30.0,250000.0,0.0
2025-04-13 22:03:30,100.0,36.7,41.8,30.0,51.01,0.0
2025-04-13 22:04:00,100.0,36.7,41.8,30.0,250000.0,0.0
2025-04-13 22:04:30,100.0,36.7,41.8,30.0,250000.0,0.0
2025-04-13 22:05:00,100.0,36.5,40.2,30.0,125022.745,0.0
2025-04-13 22:05:30,100.0,36.5,40.2,30.0,250000.0,0.0
2025-04-13 22:06:00,100.0,36.5,40.2,30.0,250000.0,0.0
2025-04-13 22:06:30,100.0,36.8,39.8,30.0,125022.285,0.0
2025-04-13 22:07:00,100.0,36.8,39.8,30.0,250000.0,0.0
2025-04-13 22:07:30,100.0,36.8,39.8,30.0,250000.0,0.0
2025-04-13 22:08:00,100.0,37.1,39.9,30.0,125017.87,0.0
2025-04-13 22:08:30,100.0,37.1,39.9,30.0,250000.0,0.0
2025-04-13 22:09:00,100.0,37.1,39.9,30.0,250000.0,0.0
2025-04-13 22:09:30,100.0,37.1,39.9,30.0,250000.0,0.0
2025-04-13 22:10:00,100.0,36.9,39.2,30.0,125022.415,0.0
2025-04-13 22:10:30,100.0,36.9,39.2,30.0,250000.0,0.0
2025-04-13 22:11:00,100.0,36.9,39.2,30.0,250000.0,0.0
2025-04-13 22:11:30,100.0,36.9,40.5,30.0,125022.415,0.0
2025-04-13 22:12:00,100.0,36.9,40.5,30.0,250000.0,0.0
2025-04-13 22:12:30,100.0,36.9,40.5,30.0,250000.0,0.0
2025-04-13 22:13:00,100.0,36.7,40.2,30.0,125019.725,0.0
2025-04-13 22:13:30,100.0,36.7,40.2,30.0,250000.0,0.0
2025-04-13 22:14:00,100.0,36.7,40.2,30.0,250000.0,0.0
2025-04-13 22:14:30,100.0,36.7,40.0,30.0,125014.21,0.0
2025-04-13 22:15:00,100.0,36.7,40.0,30.0,125014.21,0.0
2025-04-13 22:15:30,100.0,36.7,40.0,30.0,250000.0,0.0
2025-04-13 22:16:00,100.0,36.7,40.0,30.0,250000.0,0.0
2025-04-13 22:16:30,100.0,36.7,40.5,30.0,250000.0,0.0
2025-04-13 22:17:00,100.0,36.7,40.5,30.0,250000.0,0.0
2025-04-13 22:17:30,100.0,36.7,40.5,30.0,250000.0,0.0
2025-04-13 22:18:00,100.0,36.7,40.15,30.0,125004.315,0.0
2025-04-13 22:18:30,100.0,36.7,39.8,30.0,250000.0,0.0
2025-04-13 22:19:00,100.0,36.7,39.8,30.0,250000.0,0.0
2025-04-13 22:19:30,100.0,36.6,40.099999999999994,30.0,125022.13,0.0
2025-04-13 22:20:00,100.0,36.5,40.4,30.0,250000.0,0.0
2025-04-13 22:20:30,100.0,36.5,40.4,30.0,250000.0,0.0
2025-04-13 22:21:00,100.0,36.5,40.4,30.0,37.01,0.0
2025-04-13 22:21:30,100.0,36.4,41.0,30.0,250000.0,0.0
2025-04-13 22:22:00,100.0,36.4,41.0,30.0,250000.0,0.0
2025-04-13 22:22:30,100.0,36.4,41.0,30.0,250000.0,0.0
2025-04-13 22:23:00,100.0,36.349999999999994,41.0,30.0,125021.98,0.0
2025-04-13 22:23:30,100.0,36.3,41.0,30.0,250000.0,0.0
2025-04-13 22:24:00,100.0,36.3,41.0,30.0,250000.0,0.0
2025-04-13 22:24:30,100.0,36.05,41.6,30.0,125021.3,0.0
2025-04-13 22:25:00,100.0,35.8,42.2,30.0,250000.0,0.0
2025-04-13 22:25:30,100.0,35.8,42.2,30.0,250000.0,0.0
2025-04-13 22:26:00,100.0,35.7,42.35,30.0,125021.94,0.0
2025-04-13 22:26:30,100.0,35.7,42.35,30.0,125021.94,0.0
2025-04-13 22:27:00,100.0,35.6,42.5,30.0,250000.0,0.0
2025-04-13 22:27:30,100.0,35.6,42.5,30.0,250000.0,0.0
2025-04-13 22:28:00,100.0,35.650000000000006,42.65,30.0,125022.025,0.0
2025-04-13 22:28:30,100.0,35.7,42.8,30.0,250000.0,0.0
2025-04-13 22:29:00,100.0,35.7,42.8,30.0,250000.0,0.0
2025-04-13 22:29:30,100.0,35.7,42.8,30.0,125021.05,0.0
2025-04-13 22:30:00,100.0,35.7,42.8,30.0,250000.0,0.0
2025-04-13 22:30:30,100.0,35.7,42.8,30.0,250000.0,0.0
2025-04-13 22:31:00,100.0,35.55,43.65,30.0,125022.09,0.0
2025-04-13 22:31:30,100.0,35.4,44.5,30.0,250000.0,0.0
2025-04-13 22:32:00,100.0,35.4,44.5,30.0,250000.0,0.0
2025-04-13 22:32:30,100.0,35.4,44.5,30.0,241.14,0.0
2025-04-13 22:33:00,100.0,35.2,45.9,30.0,250000.0,0.0
2025-04-13 22:33:30,100.0,35.2,45.9,30.0,250000.0,0.0
2025-04-13 22:34:00,100.0,35.2,45.9,30.0,250000.0,0.0
2025-04-13 22:34:30,100.0,35.1,45.3,30.0,125028.345,0.0
2025-04-13 22:35:00,100.0,35.0,44.7,30.0,250000.0,0.0
2025-04-13 22:35:30,100.0,35.0,44.7,30.0,250000.0,0.0
2025-04-13 22:36:00,100.0,34.85,45.400000000000006,30.0,125021.49,0.0
2025-04-13 22:36:30,100.0,34.7,46.1,30.0,250000.0,0.0
2025-04-13 22:37:00,100.0,34.7,46.1,30.0,250000.0,0.0
2025-04-13 22:37:30,100.0,34.7,46.1,30.0,55.81,0.0
2025-04-13 22:38:00,100.0,34.2,48.2,30.0,250000.0,0.0
2025-04-13 22:38:30,100.0,34.2,48.2,30.0,250000.0,0.0
2025-04-13 22:39:00,100.0,34.2,48.2,30.0,39.49,0.0
2025-04-13 22:39:30,100.0,34.2,46.8,30.0,250000.0,0.0
2025-04-13 22:40:00,100.0,34.2,46.8,30.0,250000.0,0.0
2025-04-13 22:40:30,100.0,34.2,46.8,30.0,250000.0,0.0
2025-04-13 22:41:00,100.0,34.25,46.7,30.0,722.135,0.0
2025-04-13 22:41:30,100.0,34.3,46.6,30.0,250000.0,0.0
2025-04-13 22:42:00,100.0,34.3,46.6,30.0,250000.0,0.0
2025-04-13 22:42:30,100.0,34.3,46.6,30.0,44.39,0.0
2025-04-13 22:43:00,100.0,34.2,47.4,30.0,250000.0,0.0
2025-04-13 22:43:30,100.0,34.2,47.4,30.0,250000.0,0.0
2025-04-13 22:44:00,100.0,34.2,47.4,30.0,40.12,0.0
2025-04-13 22:44:30,100.0,34.2,47.3,30.0,1124.19,0.0
2025-04-13 22:45:00,100.0,34.2,47.3,30.0,250000.0,0.0
2025-04-13 22:45:30,100.0,34.2,47.3,30.0,41.65,0.0
2025-04-13 22:46:00,100.0,33.9,47.9,30.0,677.73,0.0
2025-04-13 22:46:30,100.0,33.9,47.9,30.0,250000.0,0.0
2025-04-13 22:47:00,100.0,33.9,47.9,30.0,250000.0,0.0
2025-04-13 22:47:30,100.0,33.9,47.9,30.0,57.7,0.0
2025-04-13 22:48:00,100.0,33.8,48.4,30.0,125132.915,0.0
2025-04-13 22:48:30,100.0,33.8,48.4,30.0,125132.915,0.0
2025-04-13 22:49:00,100.0,33.8,48.4,30.0,54.67,0.0
2025-04-13 22:49:30,100.0,33.6,47.9,30.0,125181.685,0.0
2025-04-13 22:50:00,100.0,33.6,47.9,30.0,125181.685,0.0
2025-04-13 22:50:30,100.0,33.6,47.9,30.0,45.14,0.0
2025-04-13 22:51:00,100.0,33.6,48.7,30.0,326.17,0.0
2025-04-13 22:51:30,100.0,33.6,48.7,30.0,250000.0,0.0
2025-04-13 22:52:00,100.0,33.6,48.7,30.0,250000.0,0.0
2025-04-13 22:52:30,100.0,33.6,48.7,30.0,43.7,0.0
2025-04-13 22:53:00,100.0,33.6,49.3,30.0,125148.135,0.0
2025-04-13 22:53:30,100.0,33.6,49.3,30.0,125148.135,0.0
2025-04-13 22:54:00,100.0,33.6,49.3,30.0,42.1,0.0
2025-04-13 22:54:30,100.0,33.5,48.8,30.0,125100.88,0.0
2025-04-13 22:55:00,100.0,33.5,48.8,30.0,125100.88,0.0
2025-04-13 22:55:30,100.0,33.5,48.8,30.0,42.85,0.0
2025-04-13 22:56:00,100.0,33.4,48.8,-852.0,171.53,0.0
2025-04-13 22:56:30,100.0,33.4,48.8,30.0,250000.0,0.0
2025-04-13 22:57:00,100.0,33.4,48.8,30.0,76.46,0.0
2025-04-13 22:57:30,100.0,33.4,48.8,30.0,76.46,0.0
2025-04-13 22:58:00,100.0,33.2,50.4,30.0,125090.125,0.0
2025-04-13 22:58:30,100.0,33.2,50.4,30.0,125090.125,0.0
2025-04-13 22:59:00,100.0,33.2,50.4,30.0,45.94,0.0
2025-04-13 22:59:30,100.0,33.1,51.8,30.0,125088.97,0.0
2025-04-13 23:00:00,100.0,33.1,51.8,30.0,125088.97,0.0
2025-04-13 23:00:30,100.0,33.1,51.8,30.0,24.18,0.0
2025-04-13 23:01:00,100.0,33.0,51.4,30.0,125100.88,0.0
2025-04-13 23:01:30,100.0,33.0,51.4,30.0,125100.88,0.0
2025-04-13 23:02:00,100.0,33.0,51.4,30.0,37.46,0.0
2025-04-13 23:02:30,100.0,33.0,51.4,30.0,37.46,0.0
2025-04-13 23:03:00,100.0,33.1,50.8,30.0,250000.0,0.0
2025-04-13 23:03:30,100.0,33.1,50.8,30.0,34.19,0.0
2025-04-13 23:04:00,100.0,33.1,50.8,30.0,34.19,0.0
2025-04-13 23:04:30,100.0,33.05,49.95,30.0,125072.945,0.0
2025-04-13 23:05:00,100.0,33.05,49.95,30.0,125072.945,0.0
2025-04-13 23:05:30,100.0,33.0,49.1,30.0,44.88,0.0
2025-04-13 23:06:00,100.0,33.05,48.55,30.0,125034.795,0.0
2025-04-13 23:06:30,100.0,33.05,48.55,30.0,125034.795,0.0
2025-04-13 23:07:00,100.0,33.1,48.0,30.0,167.07,0.0
2025-04-13 23:07:30,100.0,33.1,48.0,30.0,250000.0,0.0
2025-04-13 23:08:00,100.0,33.1,49.9,-853.0,166.84,0.0
2025-04-13 23:08:30,100.0,33.1,49.9,30.0,40.12,0.0
2025-04-13 23:09:00,100.0,33.1,49.9,30.0,40.12,0.0
2025-04-13 23:09:30,100.0,33.1,48.9,30.0,125056.885,0.0
2025-04-13 23:10:00,100.0,33.1,48.9,30.0,125056.885,0.0
2025-04-13 23:10:30,100.0,33.1,47.9,30.0,42.14,0.0
2025-04-13 23:11:00,100.0,33.1,47.9,30.0,250000.0,0.0
2025-04-13 23:11:30,100.0,33.0,48.7,30.0,138.32,0.0
2025-04-13 23:12:00,100.0,33.0,48.7,30.0,25.5,0.0
2025-04-13 23:12:30,100.0,33.0,48.7,30.0,250000.0,0.0
2025-04-13 23:13:00,100.0,32.9,48.7,-852.0,95.4,0.0
2025-04-13 23:13:30,100.0,32.9,48.7,30.0,54.89,0.0
2025-04-13 23:14:00,100.0,32.9,48.7,30.0,54.89,0.0
2025-04-13 23:14:30,100.0,32.849999999999994,49.05,30.0,125044.54,0.0
2025-04-13 23:15:00,100.0,32.8,49.4,30.0,34.29,0.0
2025-04-13 23:15:30,100.0,32.8,49.4,30.0,34.29,0.0
2025-04-13 23:16:00,100.0,32.8,49.4,30.0,250000.0,0.0
2025-04-13 23:16:30,100.0,32.8,49.8,30.0,99.54,0.0
2025-04-13 23:17:00,100.0,32.8,49.8,30.0,42.1,0.0
2025-04-13 23:17:30,100.0,32.8,49.8,30.0,250000.0,0.0
2025-04-13 23:18:00,100.0,32.7,51.7,30.0,79.33,0.0
2025-04-13 23:18:30,100.0,32.7,51.7,30.0,35.52,0.0
2025-04-13 23:19:00,100.0,32.7,51.7,30.0,250000.0,0.0
2025-04-13 23:19:30,100.0,32.6,49.7,30.0,178.71,0.0
2025-04-13 23:20:00,100.0,32.6,49.7,30.0,38.75,0.0
2025-04-13 23:20:30,100.0,32.6,49.7,30.0,38.75,0.0
2025-04-13 23:21:00,100.0,32.6,49.7,30.0,250000.0,0.0
2025-04-13 23:21:30,100.0,32.5,51.4,30.0,57.675,0.0
2025-04-13 23:22:00,100.0,32.5,51.4,30.0,57.675,0.0
2025-04-13 23:22:30,100.0,32.5,51.4,30.0,250000.0,0.0
2025-04-13 23:23:00,100.0,32.5,49.5,30.0,75.29,0.0
2025-04-13 23:23:30,100.0,32.5,49.5,30.0,75.45,0.0
2025-04-13 23:24:00,100.0,32.5,49.5,30.0,250000.0,0.0
2025-04-13 23:24:30,100.0,32.5,49.5,30.0,250000.0,0.0
2025-04-13 23:25:00,100.0,32.4,50.3,30.0,67.44,0.0
2025-04-13 23:25:30,100.0,32.4,50.3,30.0,67.44,0.0
2025-04-13 23:26:00,100.0,32.4,50.3,30.0,250000.0,0.0
2025-04-13 23:26:30,100.0,32.3,49.7,30.0,46.53,0.0
2025-04-13 23:27:00,100.0,32.3,49.7,30.0,46.53,0.0
2025-04-13 23:27:30,100.0,32.3,49.7,30.0,250000.0,0.0
2025-04-13 23:28:00,100.0,32.3,48.1,-305.0,15.62,0.0
2025-04-13 23:28:30,100.0,32.3,48.1,30.0,33.09,0.0
2025-04-13 23:29:00,100.0,32.3,48.1,30.0,250000.0,0.0
2025-04-13 23:29:30,100.0,32.2,47.8,-850.0,91.39,0.0
2025-04-13 23:30:00,100.0,32.2,47.8,30.0,150.1,0.0
2025-04-13 23:30:30,100.0,32.2,47.8,30.0,250000.0,0.0
2025-04-13 23:31:00,100.0,32.2,47.8,30.0,250000.0,0.0
2025-04-13 23:31:30,100.0,32.1,48.3,30.0,59.78,0.0
2025-04-13 23:32:00,100.0,32.1,48.3,30.0,59.78,0.0
2025-04-13 23:32:30,100.0,32.1,48.3,30.0,250000.0,0.0
2025-04-13 23:33:00,100.0,32.0,48.7,30.0,250000.0,0.0
2025-04-13 23:33:30,100.0,32.0,48.7,30.0,250000.0,0.0
2025-04-13 23:34:00,100.0,32.0,48.7,30.0,250000.0,0.0
2025-04-13 23:34:30,100.0,32.0,48.7,30.0,250000.0,0.0
2025-04-13 23:35:00,100.0,32.0,48.1,30.0,624.96,0.0
2025-04-13 23:35:30,100.0,32.0,48.1,30.0,250000.0,0.0
2025-04-13 23:36:00,100.0,32.0,48.1,30.0,250000.0,0.0
2025-04-13 23:36:30,100.0,32.0,48.1,30.0,250000.0,0.0
2025-04-13 23:37:00,100.0,32.0,48.1,30.0,250000.0,0.0
2025-04-13 23:37:30,100.0,32.0,48.1,30.0,250000.0,0.0
2025-04-13 23:38:00,100.0,32.0,48.1,30.0,250000.0,0.0
2025-04-13 23:38:30,100.0,32.0,48.1,30.0,250000.0,0.0
2025-04-13 23:39:00,100.0,32.0,48.1,30.0,250000.0,0.0
2025-04-13 23:39:30,100.0,32.0,48.1,30.0,250000.0,0.0
2025-04-13 23:40:00,100.0,32.0,48.1,30.0,250000.0,0.0
2025-04-13 23:40:30,100.0,32.0,48.1,30.0,250000.0,0.0
2025-04-13 23:41:00,100.0,32.0,48.1,30.0,250000.0,0.0
2025-04-13 23:41:30,100.0,32.0,48.1,30.0,250000.0,0.0
2025-04-13 23:42:00,100.0,32.0,48.1,30.0,250000.0,0.0
2025-04-13 23:42:30,100.0,32.0,48.1,30.0,250000.0,0.0
2025-04-13 23:43:00,100.0,32.0,48.1,30.0,250000.0,0.0
2025-04-13 23:43:30,100.0,32.0,48.1,30.0,250000.0,0.0
2025-04-13 23:44:00,100.0,32.0,48.1,30.0,250000.0,0.0
2025-04-13 23:44:30,100.0,32.0,48.1,30.0,250000.0,0.0
2025-04-13 23:45:00,100.0,32.0,48.1,30.0,250000.0,0.0
2025-04-13 23:45:30,100.0,32.0,48.1,30.0,250000.0,0.0
2025-04-13 23:46:00,100.0,32.0,48.1,30.0,250000.0,0.0
2025-04-13 23:46:30,100.0,32.0,48.1,30.0,250000.0,0.0
2025-04-13 23:47:00,100.0,32.0,48.1,30.0,250000.0,0.0
2025-04-13 23:47:30,100.0,32.0,48.1,30.0,250000.0,0.0
2025-04-13 23:48:00,100.0,32.0,48.1,30.0,250000.0,0.0
2025-04-13 23:48:30,100.0,32.0,48.1,30.0,250000.0,0.0
2025-04-13 23:49:00,100.0,32.0,48.1,30.0,250000.0,0.0
2025-04-13 23:49:30,100.0,32.0,48.1,30.0,250000.0,0.0
2025-04-13 23:50:00,100.0,32.0,48.1,30.0,250000.0,0.0
2025-04-13 23:50:30,100.0,32.0,48.1,30.0,250000.0,0.0
2025-04-13 23:51:00,100.0,32.0,48.1,30.0,250000.0,0.0
2025-04-13 23:51:30,100.0,32.0,48.1,30.0,250000.0,0.0
2025-04-13 23:52:00,100.0,32.0,48.1,30.0,250000.0,0.0
2025-04-13 23:52:30,100.0,32.0,48.1,30.0,250000.0,0.0
2025-04-13 23:53:00,100.0,32.0,48.1,30.0,250000.0,0.0
2025-04-13 23:53:30,100.0,32.0,48.1,30.0,250000.0,0.0
2025-04-13 23:54:00,100.0,32.0,48.1,30.0,250000.0,0.0
2025-04-13 23:54:30,100.0,32.0,48.1,30.0,250000.0,0.0
2025-04-13 23:55:00,100.0,32.0,48.1,30.0,250000.0,0.0
2025-04-13 23:55:30,100.0,32.0,48.1,30.0,250000.0,0.0
2025-04-13 23:56:00,100.0,32.0,48.1,30.0,250000.0,0.0
2025-04-13 23:56:30,100.0,32.0,48.1,30.0,250000.0,0.0
2025-04-13 23:57:00,100.0,32.0,48.1,30.0,250000.0,0.0
2025-04-13 23:57:30,100.0,32.0,48.1,30.0,250000.0,0.0
2025-04-13 23:58:00,100.0,32.0,48.1,30.0,250000.0,0.0
2025-04-13 23:58:30,100.0,32.0,48.1,30.0,250000.0,0.0
